# # You can open and plot this file using Python
# # (without manually removing this header, it will be skipped), see example below.
# import numpy as np
# from matplotlib import pyplot as plt
# data = np.genfromtxt('scattnlay-spectra.txt', skip_header=21, names=True, delimiter=', ')
# x = data[data.dtype.names[0]] # x-axis has units
# # Possible labels for spectrum data: Qsca, Qabs, Qext,
# # Qsca_E_dipole, etc. (see last comment before spectra data)
# a = data['Qsca']
# b = data['Qsca_E_dipole']
# c = data['Qsca_H_dipole']
# 
# plt.figure()
# plt.plot(x, a, label='Qsca')
# plt.plot(x, b, label='Qsca E dipole')
# plt.plot(x, c, label='Qsca H dipole')
# plt.legend()
# plt.xlabel(data.dtype.names[0].replace('_', ', '))
# plt.ylabel('Normalized cross-sections')
# plt.show()

# Wavelength [nm], Qsca, Qabs, Qext, Qsca_E_dipole, Qabs_E_dipole, Qext_E_dipole, Qsca_H_dipole, Qabs_H_dipole, Qext_H_dipole, Qsca_E_quadrupole, Qabs_E_quadrupole, Qext_E_quadrupole, Qsca_H_quadrupole, Qabs_H_quadrupole, Qext_H_quadrupole, Qsca_E_octupole, Qabs_E_octupole, Qext_E_octupole, Qsca_H_octupole, Qabs_H_octupole, Qext_H_octupole, Qsca_E_16, Qabs_E_16, Qext_E_16, Qsca_H_16, Qabs_H_16, Qext_H_16
120, 2.680970347211736, 0.246695219853033, 2.927665567064769, 0.024593279864845375, 0.0626759686364577, 0.08726924850130308, 0.8070323550431964, 0.01167308403213374, 0.8187054390753301, 1.3159087018035864, 0.05206351021641997, 1.3679722120200064, 0.5141862954822793, 0.04012084752270362, 0.554307143004983, 0.017830311478532736, 0.004577591704883345, 0.02240790318341608, 0.00029843843897704817, 0.0069843698647251715, 0.00728280830370222, 0.0007221245262765116, 0.03056731825650475, 0.031289442782781264, 0.00009842807457443932, 0.0007470381924756952, 0.0008454662670501345
132.2, 3.1362482312808115, 0.2879086000143838, 3.4241568312951953, 1.4306326475020492, 0.08310644842245973, 1.513739095924509, 0.9906655838610459, 0.013964948757680284, 1.0046305326187261, 0.5515521192284989, 0.02260702942317483, 0.5741591486516737, 0.1594607377097001, 0.15489982721038892, 0.314360564920089, 0.001706257837930926, 0.007978483186140733, 0.009684741024071658, 0.0019709719291455207, 0.0027596273495102456, 0.004730599278655766, 0.00006955529954913226, 0.0002636890634369962, 0.00033324436298612847, 0.000190170254881221, 0.0022845648275312555, 0.0024747350824124766
144.4, 2.8799525989849006, 0.3912431629526596, 3.2711957619375602, 1.2196846524247362, 0.02748626975455215, 1.2471709221792884, 1.3232883849277428, 0.04011478618407316, 1.363403171111816, 0.20357890140131996, 0.019806792944012108, 0.22338569434533206, 0.014310001860488746, 0.014940190949631414, 0.02925019281012016, 0.1163396911097492, 0.2782155556978636, 0.39455524680761284, 0.0024351280738411875, 0.003091624133400416, 0.0055267522072416034, 0.000013232989651215444, 0.00004100893089512105, 0.00005424192054633649, 0.0003025883914883006, 0.007540492429790398, 0.007843080821278698
156.6, 2.7595464279323676, 0.3257577921548993, 3.085304220087267, 1.113416310668019, 0.02171797101841233, 1.1351342816864314, 1.5656823390534762, 0.2575290904844918, 1.823211429537968, 0.042065302785334706, 0.0290739020012648, 0.0711392047865995, 0.031219670164892698, 0.007885018786055704, 0.0391046889509484, 0.0032498603158859604, 0.002105991902329287, 0.0053558522182152474, 0.0039043814340691436, 0.00715414109181752, 0.011058522525886664, 0.0000034331215711434114, 0.000013861541389777244, 0.000017294662960920655, 0.0000051274089948034, 0.00027608845318357396, 0.0002812158621783774
168.8, 1.128176023894428, 0.3529235660973846, 1.4810995899918127, 0.9776137604914491, 0.02561539455227002, 1.0032291550437191, 0.024674433552369306, 0.06426093570227787, 0.08893536925464716, 0.0385400308467752, 0.10870095825528134, 0.14724098910205655, 0.0377790940231289, 0.007571768127973132, 0.04535086215110203, 0.0009670129632320273, 0.0004636696488449538, 0.001430682612076981, 0.04860013739846506, 0.1462435356707155, 0.19484367306918055, 0.0000010263463767610713, 0.000006354384783688171, 0.000007380731160449242, 5.276439600018861e-7, 0.00006034584949502988, 0.000060873493455031764
181, 2.1396588738241906, 0.380329651502914, 2.5199885253271046, 0.732495404804454, 0.03662330349464271, 0.7691187082990967, 0.20015651154441064, 0.02288859880437391, 0.22304511034878455, 1.1599304656690181, 0.2996125941585219, 1.45954305982754, 0.04455848589379431, 0.010087765643963964, 0.054646251537758275, 0.0003763143435596758, 0.00018771264005103597, 0.0005640269836107118, 0.002141266203765485, 0.010905621654463293, 0.013046887858228778, 3.383747532993943e-7, 0.000003396512111000339, 0.000003734886864299733, 8.683746171373584e-8, 0.000020411417581793212, 0.000020498255043506946
193.2, 0.8885414755372543, 0.11366819423835706, 1.0022096697756113, 0.3658158963785448, 0.05919491217889078, 0.42501080855743556, 0.2937954150995564, 0.014932074694954223, 0.30872748979451065, 0.16815192517741182, 0.020037376230773146, 0.18818930140818496, 0.06041465751252425, 0.01768384205716122, 0.07809849956968547, 0.00016438948280890123, 0.00009937039891423828, 0.0002637598817231395, 0.00019905305493120063, 0.001710020603398946, 0.0019090736583301468, 1.2054796313312737e-7, 0.0000019862358031807967, 0.000002106783766313924, 1.824211766790378e-8, 0.000008499188544901376, 0.00000851743066256928
205.39999999999998, 0.5591492949122451, 0.17335513480263487, 0.73250442971488, 0.023133227874198074, 0.106551934523376, 0.12968516239757408, 0.34924697173112135, 0.013275398680233697, 0.36252237041135504, 0.06883157759774142, 0.005899375330257264, 0.07473095292799868, 0.11781991129097935, 0.04698714163439366, 0.164807052925373, 0.00007723905685417623, 0.00006075650219805224, 0.00013799555905222847, 0.00004031701670243062, 0.0005752296451235245, 0.0006155466618259552, 4.583312367921317e-8, 0.0000012322168249577381, 0.0000012780499486369512, 4.499312095238868e-9, 0.000004010664295815938, 0.000004015163607911177
217.6, 1.7233579395526053, 0.6628416335695471, 2.3861995731221524, 0.49301708243153436, 0.20294732238037555, 0.6959644048119099, 0.3937397649779314, 0.014098524439185467, 0.40783828941711686, 0.035983934353446385, 0.0027493042827002254, 0.03873323863614661, 0.8005677679678412, 0.4427461927820947, 1.243313960749936, 0.00003831309979496524, 0.00004048465253878899, 0.00007879775233375423, 0.000011057033579843632, 0.00025691665788353, 0.0002679736914633736, 1.843497850675647e-8, 7.976198598161565e-7, 8.16054838322913e-7, 1.249621216172934e-9, 0.000002061535637869217, 0.0000020627852590853898
229.8, 4.005222837782263, 0.4969225658565133, 4.502145403638776, 3.2984805054153914, 0.2905057125900474, 3.588986218005439, 0.4413021915859785, 0.01672853919017303, 0.45803073077615153, 0.020919314305536528, 0.0016068513878146375, 0.022526165693351165, 0.24449736358645643, 0.1879178593952842, 0.4324152229817406, 0.00001985612259161592, 0.000028521755158589717, 0.000048377877750205636, 0.0000035985920708793176, 0.0001334030331177554, 0.0001370016251886347, 7.791660142783072e-9, 5.33456919989476e-7, 5.41248580132259e-7, 3.8126541876312566e-10, 0.000001128893765583671, 0.000001129275031002434
242, 5.5726294823450075, 0.2558330525103427, 5.82846253485535, 5.030000651478674, 0.2051303689481161, 5.23513102042679, 0.5032801289374558, 0.02147264798988313, 0.5247527769273389, 0.012935479748442863, 0.0010717707199926173, 0.01400725046843548, 0.026401225534953002, 0.028060211361672863, 0.054461436896625866, 0.000010679471257701613, 0.000020884817789438827, 0.00003156428904714044, 0.0000013136061354971604, 0.00007614351020679374, 0.0000774571163422909, 3.441901777769155e-9, 3.663297196029898e-7, 3.6977162138075895e-7, 1.2571671140421336e-10, 6.495150875030945e-7, 6.496408042144987e-7
254.2, 4.902449046940106, 0.15009618843907813, 5.052545235379184, 4.292712372133168, 0.10964070938817638, 4.402353081521344, 0.5944333912330364, 0.029479336109919263, 0.6239127273429557, 0.008343021253445052, 0.0007772885787957467, 0.009120309832240799, 0.006953806529326817, 0.010136058519961218, 0.017089865049288035, 0.000005932186772873834, 0.000015732763025622216, 0.000021664949798496052, 5.21977884669866e-7, 0.00004641131406209629, 0.00004693329194676615, 1.5820142551078048e-9, 2.5718647993593517e-7, 2.5876849419104296e-7, 4.4281010786426157e-11, 3.8900653523110065e-7, 3.890508162418871e-7
266.4, 4.067433438650085, 0.11184972599673859, 4.179283164646824, 3.3181429451706252, 0.0627893058311133, 3.3809322510017386, 0.7412128679313889, 0.0434340265756723, 0.7846468945070612, 0.005554569465555121, 0.0005961821797954743, 0.006150751645350595, 0.0025194429107989, 0.004987967505788844, 0.007507410416587744, 0.00000339066499250431, 0.000012113750282863894, 0.000015504415275368203, 2.2173638351380048e-7, 0.000029701767691179546, 0.000029923504074693347, 7.537556798758285e-10, 1.8402448788404164e-7, 1.8477824356391748e-7, 1.6515824485212232e-11, 2.4092415979000774e-7, 2.4094067561449297e-7
278.6, 3.5798817384307418, 0.11346911623525902, 3.6933508546660008, 2.573206799499186, 0.04019587327384233, 2.613402672773028, 1.0017999860670883, 0.06989469832974504, 1.0716946843968334, 0.003793344100989147, 0.00047550527661857763, 0.0042688493776077245, 0.0010795206102175423, 0.0028735142791080416, 0.003953034889325584, 0.0000019882781494273636, 0.000009492290586176591, 0.000011480568735603954, 9.949753145446329e-8, 0.0000197431810129462, 0.000019842678544400664, 3.710726137299135e-10, 1.3388439109903554e-7, 1.3425546371276546e-7, 6.478442631053733e-12, 1.5354030114008254e-7, 1.535467795827136e-7
290.79999999999995, 3.562201756312632, 0.15781746251805506, 3.720019218830687, 2.029376943584176, 0.028191063896632507, 2.0575680074808087, 1.5296632718801122, 0.12739339120949955, 1.6570566630896117, 0.002646138595612428, 0.00039015761014843083, 0.003036296205760859, 0.0005141620434441672, 0.0018215709308749691, 0.0023357329743191363, 0.000001193256673181824, 0.00000754693521759066, 0.000008740191890772484, 4.676171693195914e-8, 0.000013531354656019794, 0.000013578116372951753, 1.882274363746405e-10, 9.885654050958255e-8, 9.904476794595718e-8, 2.6578899333497764e-12, 1.0030872263708331e-7, 1.0031138052701667e-7
303, 4.4402550400329295, 0.30215422995831087, 4.74240926999124, 1.6265731590887549, 0.021183605508886982, 1.6477567645976419, 2.81153754624236, 0.279396415362668, 3.090933961605028, 0.0018798266608167854, 0.0003270020281014739, 0.0022068286889182593, 0.0002637536545945975, 0.001231478265785723, 0.0014952319203803204, 7.314139323262531e-7, 0.000006074705223541509, 0.000006806119155867762, 2.287319119917582e-8, 0.000009512201605628438, 0.000009535074796827614, 9.813943480676818e-11, 7.396898500900967e-8, 7.406712444381644e-8, 1.1353489101245229e-12, 6.697744008857156e-8, 6.697857543748169e-8
315.2, 7.469307608646857, 0.7451689787678868, 8.214476587414744, 1.321955854454209, 0.016765046950131257, 1.3387209014043402, 6.145851287388067, 0.727241403146075, 6.873092690534142, 0.0013569308918602435, 0.0002786033584704611, 0.0016355342503307046, 0.00014306718320516185, 0.0008720488457408822, 0.001015116028946044, 4.5708879014598065e-7, 0.000004942181796888165, 0.000005399270587034146, 1.1587739987037007e-8, 0.0000068320352655553134, 0.0000068436230055423505, 5.248180237913227e-11, 5.601728927217713e-8, 5.6069771074556265e-8, 5.030316565366296e-13, 4.559732209717855e-8, 4.559782512883509e-8
327.4, 7.489208586963089, 0.9138104459550309, 8.40301903291812, 1.0872612932147756, 0.01380024116998646, 1.101061534384762, 6.400872400298855, 0.899121023012575, 7.29999342331143, 0.0009934948327447938, 0.00024047785796687594, 0.0012339726907116698, 0.00008110173974304322, 0.0006395715094050843, 0.0007206732491481276, 2.907916028173845e-7, 0.000004058783420028321, 0.000004349575022845706, 6.056404744497652e-9, 0.0000049987062393483545, 0.000005004762644092852, 2.8731159428162425e-11, 4.289100623762534e-8, 4.29197373970535e-8, 2.3042449476929837e-13, 3.158662199888817e-8, 3.158685242338294e-8
339.6, 3.1515511232686193, 0.38576427728837226, 3.5373154005569916, 0.9035672423351125, 0.01170794892735083, 0.9152751912624634, 2.2471992703202615, 0.3733572482071801, 2.6205565185274415, 0.0007367547477610688, 0.00020977611828754063, 0.0009465308660486095, 0.00004766452179840192, 0.00048216999883122136, 0.0005298345206296233, 1.8807217595497363e-7, 0.0000033613563102463136, 0.0000035494284862012873, 3.2553256766804663e-9, 0.0000037169730028463154, 0.0000037202283285229957, 1.607466528965135e-11, 3.317346478938922e-8, 3.318953945467887e-8, 1.0882235459354366e-13, 2.2227629652475627e-8, 2.222773847483022e-8
351.79999999999995, 1.612687457086847, 0.17794553673520275, 1.7906329938220498, 0.75784549693486, 0.010168949964918794, 0.7680144468997788, 0.8542602213771424, 0.16721463942074655, 1.021474860797889, 0.0005527370760191814, 0.00018460620560539396, 0.0007373432816245753, 0.00002887638172086498, 0.0003716905834933101, 0.00040056696521417507, 1.2351318942381008e-7, 0.000002804881906705369, 0.000002928395096129179, 1.7946847484680687e-9, 0.0000028036967583906053, 0.000002805491443139073, 9.177357959980252e-12, 2.589741146330197e-8, 2.590658882126195e-8, 5.2857916370209814e-14, 1.5866906151458073e-8, 1.5866959009374444e-8
364, 1.0391527176544557, 0.10083214529623441, 1.1399848629506901, 0.6408872496848073, 0.008997339949265326, 0.6498845896340726, 0.39782832445442967, 0.09137475707760462, 0.4892030815320343, 0.0004191041646059584, 0.00016366458863468136, 0.0005827687532406398, 0.000017956053627699824, 0.00029185301274349654, 0.0003098090663711964, 8.227905136526029e-8, 0.000002356659506288691, 0.0000024389385576539514, 1.0125679605651463e-9, 0.0000021419843009218774, 0.0000021429968688824425, 5.339365235931258e-12, 2.039225087551647e-8, 2.0397590240752403e-8, 2.6349957617637438e-14, 1.1475479341923549e-8, 1.1475505691881167e-8
376.2, 0.7591011473751692, 0.06556320037927721, 0.8246643477544464, 0.5460378559863925, 0.008079368510777063, 0.5541172244971696, 0.21273091647375633, 0.057101382244375026, 0.26983229871813136, 0.000320896240244845, 0.00014602446394309555, 0.00046692070418794055, 0.000011422543541020857, 0.0002327525559036577, 0.0002441750994446786, 5.5544520431136135e-8, 0.000001992547743308002, 0.0000020480922637391382, 5.835385846137498e-10, 0.0000016553562252834562, 0.0000016559397638680699, 3.1617311812866013e-12, 1.6186543321505792e-8, 1.618970505268708e-8, 1.3455836578167052e-14, 8.399815737928526e-9, 8.399829193765104e-9
388.4, 0.5934585013115312, 0.04665797389681203, 0.6401164752083432, 0.46839910893630876, 0.007342438851284383, 0.47574154778759314, 0.12480401100192617, 0.03899341220690292, 0.1637974232088291, 0.0002479289382130509, 0.0001310089346572836, 0.0003789378728703345, 0.00000741412388260497, 0.00018810751068471505, 0.00019552163456732, 3.7966362496831947e-8, 0.0000016944702408282717, 0.0000017324366033251036, 3.429277132693592e-10, 0.000001292677391162227, 0.0000012930203188754964, 1.9034487701435253e-12, 1.2944607173100697e-8, 1.294651062187084e-8, 7.027092446336102e-15, 6.2170964801959045e-9, 6.217103507288351e-9
400.59999999999997, 0.4826789745046673, 0.03533073583132412, 0.5180097103359914, 0.4043091151794447, 0.0067385042843277065, 0.4110476194637724, 0.07817176734349623, 0.028317843034256093, 0.10648961037775233, 0.00019316571005857828, 0.00011811207549159285, 0.00031127778555017113, 0.000004899809339329284, 0.00015379348421819437, 0.00015869329355752365, 2.6255954060107588e-8, 0.0000014487216653769535, 0.000001474977619437061, 2.0520680230309064e-10, 0.0000010190951427140321, 0.0000010193003495163352, 1.1638585146181401e-12, 1.0424602258698819e-8, 1.0425766117213437e-8, 3.74735476797456e-15, 4.649120453926871e-9, 4.6491242012816385e-9
412.79999999999995, 0.4025461979005845, 0.027976560418720542, 0.43052275831930503, 0.3509931761823719, 0.00623474374057742, 0.35722791992294933, 0.051398032858970315, 0.02150577937502452, 0.07290381223399484, 0.00015167913995663867, 0.00010694812769054942, 0.0002586272676471881, 0.000003291235755074572, 0.00012702193040976578, 0.00013031316616484036, 1.8357930122749625e-8, 0.0000012447941480731143, 0.000001263152078195864, 1.2487633485729265e-10, 8.104434974929261e-7, 8.105683738277833e-7, 7.221088734084281e-13, 8.450391673254892e-9, 8.4511137821283e-9, 2.0378577064377045e-15, 3.509989589475106e-9, 3.5099916273328126e-9
425, 0.3415301913665894, 0.022906659174903476, 0.3644368505414929, 0.3063237256923415, 0.005808105128347063, 0.31213183082068857, 0.03508423290890927, 0.016893742888845334, 0.0519779757977546, 0.00011997604227399192, 0.00009721781478868937, 0.0002171938570626813, 0.000002243676319017691, 0.00010585948579632801, 0.0001081031621153457, 1.2969098158269602e-8, 0.0000010745498875027213, 0.000001087518985660991, 7.719213232769133e-11, 6.497054909475648e-7, 6.497826830798924e-7, 4.542384218000879e-13, 6.892388337476231e-9, 6.892842575898031e-9, 1.1287434806786863e-15, 2.673702533019235e-9, 2.673703661762716e-9
437.2, 0.2934235976413992, 0.019246005928064913, 0.3126696035694641, 0.2686519129101914, 0.0054419949076935925, 0.274093907817885, 0.024674573282213032, 0.013624925343388768, 0.0382994986256018, 0.0000955517638349651, 0.00008868541297461899, 0.00018423717680958408, 0.0000015503845081557712, 0.0000889361705813046, 0.00009048655508946037, 9.251941137297356e-9, 9.316287440537315e-7, 9.408806851910289e-7, 4.842038722553289e-11, 5.247293212909452e-7, 5.247777416781708e-7, 2.8947396533104684e-13, 5.654349242154084e-9, 5.654638716119415e-9, 6.360785577436237e-16, 2.0537230732493934e-9, 2.0537237093279513e-9
449.4, 0.2545481314086613, 0.016504261662974473, 0.27105239307163576, 0.23668743292438524, 0.005124204691180495, 0.24181163761556573, 0.017783015560807646, 0.011222387662559122, 0.02900540322336677, 0.00007659148242640115, 0.00008116277083967001, 0.00015775425326607117, 0.0000010847487328202599, 0.00007526251917986945, 0.0000763472679126897, 6.6613292877397175e-9, 8.110182110840615e-7, 8.176795403718012e-7, 3.079274590397014e-11, 4.2672590144230024e-7, 4.267566941882042e-7, 1.8675516627996649e-13, 4.664161735109243e-9, 4.664348490275523e-9, 3.6432184032230434e-16, 1.5898874336161771e-9, 1.5898877979380175e-9
461.59999999999997, 0.22255505942461326, 0.014388969126295337, 0.2369440285509086, 0.2094115239683367, 0.0048455752271904795, 0.21425709919552718, 0.013080995539309158, 0.009403721088833212, 0.02248471662814237, 0.00006176730304849628, 0.00007449793537614309, 0.00013626523842463938, 7.677557958159263e-7, 0.00006411175043877423, 0.00006487950623459015, 4.838164012483916e-9, 7.087373752573158e-7, 7.135755392697997e-7, 1.9836938253318443e-11, 3.492634841616591e-7, 3.492833210999124e-7, 1.2189631449444836e-13, 3.867343692803821e-9, 3.867465589118315e-9, 2.1189531012534665e-16, 1.2398874121126127e-9, 1.2398876240079228e-9
473.79999999999995, 0.19585499956039898, 0.012716621679378703, 0.20857162123977768, 0.18601316500340379, 0.004599113319822851, 0.19061227832322664, 0.009791183051327564, 0.007993086094843288, 0.01778426914617085, 0.00005009870584127137, 0.00006856690207543217, 0.00011866560791670354, 5.492436130078213e-7, 0.000054941967322925104, 0.000055491210935932927, 3.5431973235071734e-9, 6.216020390610993e-7, 6.251452363846065e-7, 1.2935446112108096e-11, 2.875843988138613e-7, 2.875973342599734e-7, 8.044565060862938e-14, 3.2224106736792288e-9, 3.2224911193298374e-9, 1.2504184502969935e-16, 9.736523735348135e-10, 9.736524985766585e-10
486, 0.17332279617669002, 0.011367139512720281, 0.1846899356894103, 0.16584174707928737, 0.004379394565156791, 0.17022114164444416, 0.007439794155502334, 0.0068763450977901664, 0.0143161392532925, 0.00004085545551596939, 0.00006326752842640661, 0.000104122983942376, 3.968624856827354e-7, 0.000047343661668321774, 0.00004774052415400451, 2.615312503906027e-9, 5.47048374964963e-7, 5.496636874688689e-7, 8.532421547430745e-12, 2.3813406768285209e-7, 2.381426001043995e-7, 5.36497197863721e-14, 2.6975417243826572e-9, 2.6975953741024437e-9, 7.48088877736644e-17, 7.695950129622819e-10, 7.695950877711697e-10
498.2, 0.15413336268057734, 0.010259125443347561, 0.1643924881239249, 0.1483715971551604, 0.004182150893292352, 0.15255374804845276, 0.0057279848024938485, 0.005976771855124745, 0.011704756657618593, 0.00003348932597040903, 0.00005851497410481361, 0.00009200430007522264, 2.8944632703185676e-7, 0.00004100360121090052, 0.00004129304753793238, 1.94489994361675e-9, 4.829992829925299e-7, 4.849441829361467e-7, 5.6895304119923164e-12, 1.982320911072897e-7, 1.982377806377017e-7, 3.6137808919615435e-14, 2.268157915714546e-9, 2.2681940535234654e-9, 4.5342680236742826e-17, 6.120719845911732e-10, 6.120720299338535e-10
510.4, 0.1376646070553642, 0.009335720836999462, 0.14700032789236367, 0.13317513038821532, 0.00400398027789417, 0.1371791106661095, 0.0044616766406073444, 0.0052412267579441275, 0.009702903398551472, 0.000027585605954097108, 0.00005423823720833337, 0.00008182384316243048, 2.1296006216993226e-7, 0.00003567955076233758, 0.00003589251082450751, 1.4566675876755258e-9, 4.277622353718938e-7, 4.2921890295956934e-7, 3.833058016661294e-12, 1.6583976746132335e-7, 1.6584360051934e-7, 2.4574135309923457e-14, 1.915148635949511e-9, 1.915173210084821e-9, 2.782488536925091e-17, 4.896466483824573e-10, 4.896466762073427e-10
522.5999999999999, 0.1234369607526602, 0.008556166858183806, 0.131993127610844, 0.11990235126493713, 0.0038421388537064755, 0.12374449011864361, 0.003511622075158217, 0.004631946850480396, 0.008143568925638613, 0.000022828330614673322, 0.00005037748979300305, 0.00007320582040767638, 1.5798090603236155e-7, 0.00003118229712722441, 0.00003134027803325677, 1.09841961446614e-9, 3.799505647771646e-7, 3.810489843916307e-7, 2.6076590191110606e-12, 1.3939393212809026e-7, 1.3939653978710937e-7, 1.6862574075923966e-14, 1.623561818557554e-9, 1.6235786811316298e-9, 1.727702941825417e-17, 3.9388782207918793e-10, 3.9388783935621734e-10
534.8, 0.11107400996054603, 0.007890580591398355, 0.11896459055194439, 0.10826507222333358, 0.0036943896610385774, 0.11195946188437216, 0.0027898436592635758, 0.004121488428049186, 0.006911332087312761, 0.000018975133475333024, 0.000046882004709959205, 0.00006585713818529223, 1.1810901735736038e-7, 0.000027362683977065154, 0.000027480792994422515, 8.336539879033444e-10, 3.384223647217184e-7, 3.392560187096217e-7, 1.7905317309759084e-12, 1.1768695924322102e-7, 1.17688749774952e-7, 1.1671294430353758e-14, 1.3816293295029143e-9, 1.3816410007973447e-9, 1.0848524536999932e-17, 3.185307785613686e-10, 3.1853078940989317e-10
547, 0.1002758907923797, 0.007316615933482068, 0.10759250672586176, 0.09802466956097267, 0.0035588909699420107, 0.10158356053091468, 0.0022352927378813453, 0.0036895108456990013, 0.0059248035835803466, 0.000015838905250347908, 0.000043708525636335506, 0.000059547430886683414, 8.895039653231012e-8, 0.00002410213793446166, 0.00002419108833099397, 6.366302935881913e-10, 3.0223273171844914e-7, 3.028693620120373e-7, 1.240350213925578e-12, 9.97792590869751e-8, 9.978049943718902e-8, 8.145093373919878e-15, 1.1800364697525634e-9, 1.1800446148459374e-9, 6.8851260610601946e-18, 2.5888567260308276e-10, 2.5888567948820884e-10
559.2, 0.09080073443086496, 0.006817268353938533, 0.0976180027848035, 0.08898251424307578, 0.0034341127068072547, 0.09241662694988304, 0.0018048779287091722, 0.0033206732543858176, 0.00512555118309499, 0.00001327431173714059, 0.00004081997330446051, 0.0000540942850416011, 6.745741853576549e-8, 0.000021305662833294477, 0.000021373120251830242, 4.890521276986864e-10, 2.7059619283064863e-7, 2.710852449583473e-7, 8.664774466708371e-13, 8.493489123629075e-8, 8.493575771373742e-8, 5.729257378879296e-15, 1.0113706626023634e-9, 1.0113763918597422e-9, 4.414505824668205e-18, 2.1141667537619433e-10, 2.1141667979070015e-10
571.4, 0.08245137710944218, 0.006379395331215634, 0.08883077244065782, 0.0809724416075746, 0.003318773126379404, 0.084291214733954, 0.0014677158178657056, 0.003003224717004623, 0.004470940534870328, 0.000011167809579343219, 0.00003818440959348093, 0.00004935221917282415, 5.1495993098846304e-8, 0.000018896602106465133, 0.00001894809809956398, 3.778151982374529e-10, 2.42856965449271e-7, 2.432347806475084e-7, 6.101733597729175e-13, 7.25737829817921e-8, 7.257439315515188e-8, 4.060497027749423e-15, 8.697026365503371e-10, 8.697066970473649e-10, 2.858148887846568e-18, 1.7344000578527186e-10, 1.7344000864342076e-10
583.5999999999999, 0.0750656236615398, 0.005992696817468682, 0.08105832047900847, 0.07385478685779641, 0.003211790266797618, 0.07706657712459403, 0.0012013667515617162, 0.002728038069672145, 0.003929404821233861, 0.000009430200078732554, 0.00003577420141858129, 0.000045204401497313846, 3.955820153516144e-8, 0.00001681268329859973, 0.000016852241500134893, 2.934655168623499e-10, 2.1846528080445726e-7, 2.187587463213196e-7, 4.3298843439795104e-13, 6.223598626460407e-8, 6.223641925303847e-8, 2.898686423483399e-15, 7.502662677356449e-10, 7.502691664220685e-10, 1.867827158563343e-18, 1.429055191168097e-10, 1.4290552098463685e-10
595.8, 0.06850897597676624, 0.0056489986208988485, 0.07415797459766509, 0.06751163154743141, 0.0031122443351589008, 0.07062387588259031, 0.0009893225919136463, 0.0024879346599319145, 0.0034772572518455606, 0.000007991038520808996, 0.00003356534088424957, 0.000041556379405058565, 3.0569453798439206e-8, 0.000015003002781519307, 0.000015033572235317746, 2.291349996977992e-10, 1.9695843210304893e-7, 1.9718756710274673e-7, 3.095144952162485e-13, 5.355473802207343e-8, 5.355504753656864e-8, 2.0837013617971313e-15, 6.492123779916563e-10, 6.492144616930181e-10, 1.2315894221596444e-18, 1.1823751941952656e-10, 1.1823752065111598e-10
608, 0.06266911213321852, 0.0053417396190982985, 0.06801085175231682, 0.0618429929515414, 0.0030193482699489432, 0.06486234122149034, 0.0008193008341329332, 0.002277203908857749, 0.003096504742990682, 0.000006794409760177223, 0.00003153688871556393, 0.00003833129847574115, 2.375775886972225e-8, 0.000013425707140426375, 0.000013449464899296097, 1.7980081074346102e-10, 1.7794552614274458e-7, 1.7812532695348805e-7, 2.2280835905225807e-13, 4.623601079919246e-8, 4.6236233607551517e-8, 1.5078589170040167e-15, 5.634183238834838e-10, 5.634198317424008e-10, 8.19052603794999e-19, 9.821788938779675e-11, 9.821789020684935e-11
620.2, 0.05745163469709706, 0.005065598837959512, 0.06251723353505657, 0.05676375225808024, 0.002932424487373797, 0.059696176745454035, 0.0006820680161521521, 0.0020912559277401635, 0.0027733239438923157, 0.0000057957166851679, 0.000029670515726889585, 0.000035466232412057483, 1.856425086939759e-8, 0.00001204619578816593, 0.000012064760039035328, 1.4176605656882452e-10, 1.6109515453419245e-7, 1.6123692059076128e-7, 1.6147326863456422e-13, 4.004288517859862e-8, 4.004304665186726e-8, 1.098153092099382e-15, 4.903399299835275e-10, 4.903410281366196e-10, 5.491908387131229e-19, 8.189969129051977e-11, 8.189969183971061e-11
632.4, 0.05277675567974182, 0.004816220222978618, 0.05759297590272044, 0.05220116519133364, 0.002850886352237847, 0.055052051543571484, 0.0005706165701324395, 0.0019263666246061915, 0.002496983194738631, 0.000004959224469260486, 0.000027950122837029795, 0.00003290934730629028, 1.4581394876097693e-8, 0.000010835717070797613, 0.00001085029846567371, 1.1229302245755885e-10, 1.4612537902797858e-7, 1.4623767205043614e-7, 1.1777939479305961e-13, 3.478353062342022e-8, 3.478364840281501e-8, 8.047010644202351e-16, 4.278957477849175e-10, 4.2789655248598196e-10, 3.7115779051406965e-19, 6.854287035333627e-11, 6.854287072449406e-11
644.6, 0.048576683613764375, 0.004590006759281118, 0.05316669037304549, 0.04809283443410273, 0.002774223292991901, 0.05086705772709463, 0.00047958140801408994, 0.001779488147754466, 0.002259069555768556, 0.000004256172276418935, 0.00002636152445141711, 0.000030617696727836044, 1.1509941789862349e-8, 0.000009770263938503535, 0.000009781773880293396, 8.93423283861107e-11, 1.327955604451127e-7, 1.3288490277349882e-7, 8.644217548847566e-14, 3.030190534973968e-8, 3.0301991791915166e-8, 5.931635232503532e-16, 3.743761296699076e-10, 3.7437672283343085e-10, 2.5274596211874414e-19, 5.7566102974984333e-11, 5.7566103227730294e-11
656.8, 0.04479354418762791, 0.004383964554647103, 0.049177508742275014, 0.04438505021746671, 0.0027019887528778597, 0.047087038970344566, 0.00040482145646478685, 0.0016481061713124157, 0.0020529276277772026, 0.0000036633135477425983, 0.00002489218329572604, 0.00002855549684346864, 9.12869825616728e-9, 0.000008829699476971058, 0.000008838828175227224, 7.138616804753381e-11, 1.2089966355214012e-7, 1.2097104972018764e-7, 6.382114850938104e-14, 2.6470518503736973e-8, 2.6470582324885484e-8, 4.397307020715036e-16, 3.2837145419046397e-10, 3.2837189392116606e-10, 1.7337021287830336e-19, 4.851051714051845e-11, 4.851051731388866e-11
669, 0.0413777112716877, 0.004195583412025632, 0.04557329468371333, 0.04103142597398473, 0.00263379036690059, 0.04366521634088532, 0.0003431161854275546, 0.0015301312219602762, 0.0018732474073878307, 0.000003161781822756962, 0.00002353098727789558, 0.00002669276910065254, 7.273131212195323e-9, 0.000007997060120497773, 0.000008004333251709968, 5.7273726042215355e-11, 1.102607490488726e-7, 1.1031802277491481e-7, 4.739004677998026e-14, 2.318476629896061e-8, 2.318481368900739e-8, 3.277790522393331e-16, 2.8871520739826916e-10, 2.887155351773214e-10, 1.1975971237649786e-19, 4.101219914884249e-11, 4.1012199268602204e-11
681.1999999999999, 0.038286457005064355, 0.0040227443877849794, 0.042309201392849334, 0.037991771653721175, 0.0025692818995356748, 0.04056105355325685, 0.0002919432798895772, 0.0014238150556402532, 0.0017157583355298304, 0.000002736205171512806, 0.000022268060875030498, 0.000025004266046543303, 5.820112868486082e-9, 0.000007257997169425041, 0.000007263817282293527, 4.613359243589358e-11, 1.0072642460671408e-7, 1.0077255819914998e-7, 3.538343375702013e-14, 2.0358476546190147e-8, 2.0358511929623904e-8, 2.456247238622404e-16, 2.54438645054975e-10, 2.544388906796989e-10, 8.328772567708428e-20, 3.478124282368313e-11, 3.4781242906970856e-11
693.4, 0.035482852327889766, 0.003863647540026015, 0.03934649986791578, 0.03523115938866732, 0.0025081565856663116, 0.03773931597433363, 0.0002493142134435779, 0.0013276856825035113, 0.0015769998959470892, 0.000002374011482691865, 0.000021094605031270684, 0.000023468616513962548, 4.676966860881127e-9, 0.000006600326667632529, 0.00000660500363449341, 3.730258042534839e-11, 9.21650740057374e-8, 9.220237658616274e-8, 2.6559206934927486e-14, 1.7920386173084127e-8, 1.7920412732291062e-8, 1.8500283794096946e-16, 2.2473452533253297e-10, 2.2473471033537092e-10, 5.830145086802604e-20, 2.958569909164484e-11, 2.9585699149946296e-11
705.5999999999999, 0.03293486580239563, 0.003716754945959619, 0.03665162074835525, 0.03271914554702541, 0.002450141597714256, 0.035169287144739665, 0.00021365157052186156, 0.0012404964242717304, 0.001454147994793592, 0.0000020648810050190895, 0.000020002760717236446, 0.000022067641722255535, 3.773549660416726e-9, 0.000006013664704894304, 0.0000060174382545547204, 3.027350398301774e-11, 8.446272013123618e-8, 8.44929936352192e-8, 2.0037767865950933e-14, 1.581134299601667e-8, 1.5811363033784536e-8, 1.4003070868648856e-16, 1.9892797814087446e-10, 1.9892811817158315e-10, 4.106819341080857e-20, 2.5239216708005724e-11, 2.5239216749073916e-11
717.8, 0.030614620658462252, 0.003580745382833851, 0.0341953660412961, 0.030429120501345257, 0.0023949934226346926, 0.03282411392397995, 0.00018369676290732646, 0.0011611856367252484, 0.0013448823996325748, 0.000001800313048577156, 0.000018985492218272487, 0.000020785805266849643, 3.056489144738881e-9, 0.000005489130457704691, 0.00000549218694684943, 2.4656652369815386e-11, 7.752040634478547e-8, 7.75450629971553e-8, 1.519231697686664e-14, 1.3982072616538155e-8, 1.3982087808855133e-8, 1.0649613596722242e-16, 1.7645301414490787e-10, 1.7645312064104384e-10, 2.910480927559271e-20, 2.1591478384431938e-11, 2.1591478413536746e-11
730, 0.02849777899472853, 0.003454478001729107, 0.03195225699645764, 0.028337763133247713, 0.0023424939786223335, 0.030680257111870047, 0.00015844007475065267, 0.0010888446139386409, 0.0012472846886892935, 0.0000015732816005870182, 0.00001803648694486326, 0.00001960976854545028, 2.4849666979279652e-9, 0.000005019103241948079, 0.000005021588208646007, 2.0151216700191933e-11, 7.125200337400323e-8, 7.127215459070342e-8, 1.1573497265239125e-14, 1.2391388461445277e-8, 1.2391400034942543e-8, 8.136559885551279e-17, 1.5683350934841015e-10, 1.56833590714009e-10, 2.074754860394598e-20, 1.8520764987618114e-11, 1.8520765008365662e-11
742.1999999999999, 0.02656302883407263, 0.0033369629957314684, 0.029899991829804098, 0.026424581579584057, 0.0022924473367762974, 0.028717028916360354, 0.00013706724984229878, 0.0010226918240430248, 0.0011597590738853236, 0.000001377960502413561, 0.00001715006913737636, 0.00001852802963978992, 2.027610958917965e-9, 0.000004597022859029322, 0.00000459905046998824, 1.6523988010106295e-11, 6.558236675603608e-8, 6.559889074404618e-8, 8.857282867974315e-15, 1.1004750964236178e-8, 1.1004759821519045e-8, 6.244222581144728e-17, 1.3966775588298193e-10, 1.3966781832520775e-10, 1.4873946623541072e-20, 1.59281479138445e-11, 1.5928147928718448e-11
754.4, 0.02479165487624185, 0.0032273377526775456, 0.028018992628919395, 0.024671525267348175, 0.0022446769403093, 0.026916202207657475, 0.00011891843181492235, 0.0009620520848392813, 0.0010809705166542037, 0.0000012095032813209469, 0.000016321125301270477, 0.000017530628582591424, 1.6601971814831482e-9, 0.0000042172248176301025, 0.000004218885014811586, 1.359339694095415e-11, 6.044578407676953e-8, 6.045937747371048e-8, 6.808707834194073e-15, 9.79310307861245e-9, 9.793109887320283e-9, 4.8126454135489154e-17, 1.246158655758302e-10, 1.2461591370228432e-10, 1.0721654954906345e-20, 1.3732933189444527e-11, 1.3732933200166182e-11
766.5999999999999, 0.023167177736781067, 0.003124847341614969, 0.026292025078396036, 0.023062656097657567, 0.0021990232351478123, 0.02526167933280538, 0.00010345639786360844, 0.0009063396231037035, 0.001009796020967312, 0.0000010638661031764118, 0.000015545039582857995, 0.000016608905686034406, 1.3639339226168466e-9, 0.00000387480378367761, 0.000003876167717600227, 1.1217497806610706e-11, 5.578466257709483e-8, 5.5795880074901436e-8, 5.256461784095523e-15, 8.731925454531554e-9, 8.731930710993337e-9, 3.7247544913185974e-17, 1.1138946425336987e-10, 1.1138950150091479e-10, 7.769559242736921e-21, 1.1869072364837626e-11, 1.1869072372607185e-11
778.8, 0.02167504951481517, 0.003028828448343124, 0.024703877963158295, 0.021583868882929787, 0.0021553416424185366, 0.023739210525348324, 0.00009024183353336847, 0.0008550442093047339, 0.0009452860428381024, 9.376648826409708e-7, 0.000014817637598691035, 0.000015755302481332005, 1.1241803885590545e-9, 0.0000035654999817313433, 0.0000035666241621199022, 9.284879968802061e-12, 5.154841676889533e-8, 5.155770164886413e-8, 4.074988965194419e-15, 7.800466962833164e-9, 7.800471037822129e-9, 2.8944290294474096e-17, 9.974323221304383e-11, 9.974326115733413e-11, 5.6592174222473936e-21, 1.0282323480397176e-11, 1.0282323486056393e-11
791, 0.02030239591326735, 0.002938696074640753, 0.023241091987908104, 0.02022265293900215, 0.002113500816429255, 0.022336153755431406, 0.00007891397751759506, 0.0008077197442474799, 0.000886633721765075, 8.280595553440624e-7, 0.000014135137478272338, 0.000014963197033616401, 9.294813103657603e-10, 0.000003285604338130236, 0.000003286533819440602, 7.707762291423902e-12, 4.7692522995088055e-8, 4.770023075737948e-8, 3.1718007225117673e-15, 6.981115760167862e-9, 6.981118931968585e-9, 2.25800773059718e-17, 8.946793784869286e-11, 8.946796042877017e-11, 4.1425885312644055e-21, 8.927996484000571e-12, 8.92799648814316e-12
803.1999999999999, 0.01903779700514219, 0.002853932466187637, 0.021891729471329828, 0.018967888180093886, 0.002073381142149007, 0.021041269322242893, 0.00006917538776185213, 0.0007639748131162807, 0.0008331502008781329, 7.326600300442648e-7, 0.000013494107081525547, 0.000014226767111569811, 7.708371875907504e-10, 0.000003031878991610366, 0.0000030326498287979566, 6.416723334391283e-12, 4.417771375120494e-8, 4.418413047453933e-8, 2.478432202601529e-15, 6.2588834342314635e-9, 6.258885912663666e-9, 1.7682085476361123e-17, 8.03846830572343e-11, 8.038470073931977e-11, 3.0470241057464204e-21, 7.769155954162759e-12, 7.769155957209784e-12
815.4, 0.017871100218047185, 0.002774077848647735, 0.02064517806669492, 0.017809670232646443, 0.00203487343448977, 0.019844543667136214, 0.0000607798893844215, 0.0007234648277146701, 0.0007842447170990916, 6.494495078046585e-7, 0.000012891426518160689, 0.000013540876025965346, 6.411498951653046e-10, 0.000002801490454418778, 0.000002802131604313943, 5.35666277396942e-12, 4.0969289350134135e-8, 4.097464601290811e-8, 1.9439613146177013e-15, 5.620980476038838e-9, 5.620982420000153e-9, 1.389753224783131e-17, 7.234013534124205e-11, 7.23401492387743e-11, 2.2516711971132432e-21, 6.7751830887041165e-12, 6.775183090955788e-12
827.5999999999999, 0.016793260285326315, 0.0026987226391283516, 0.019491982924454667, 0.0167391600312924, 0.0019978778083245274, 0.018737037839616926, 0.00005352299298714364, 0.0006858854581522712, 0.0007394084511394149, 5.767217619418927e-7, 0.000012324255232762724, 0.000012900976994704617, 5.347995941140786e-10, 0.000002591953226722481, 0.000002592488026316595, 4.483693672060752e-12, 3.803652838266404e-8, 3.8041012076336105e-8, 1.5303394031118447e-15, 5.0564657774870855e-9, 5.0564673078264885e-9, 1.096202603744087e-17, 6.52025659130704e-11, 6.520257687509644e-11, 1.6714686900289385e-21, 5.920621039805269e-12, 5.920621041476738e-12
839.8, 0.015796201853251413, 0.0026275008680243725, 0.018423702721275786, 0.015748454131173074, 0.001962302693542011, 0.017710756824715086, 0.000047234241315317455, 0.0006509671171235486, 0.0006982013584388661, 5.13029678636141e-7, 0.000011790003032640034, 0.000012303032711276175, 4.47320426933639e-10, 0.00000240108208006628, 0.0000024015294004932134, 3.7627415172653534e-12, 3.535218158290633e-8, 3.5355944324423596e-8, 1.2090099522598797e-15, 4.555956339768828e-9, 4.55595754877878e-9, 8.676563591281584e-18, 5.885854824789635e-11, 5.885855692445995e-11, 1.2462283300944665e-21, 5.184244563876651e-12, 5.184244565122879e-12
852, 0.014872701190718892, 0.002560084598967652, 0.017432785789686545, 0.014830472600624048, 0.0019280639737759842, 0.016758536574400032, 0.00004177106886717271, 0.0006184703078686464, 0.0006602413767358191, 4.571429101468702e-7, 0.000011286304529571204, 0.000011743447439718075, 3.751508757401515e-10, 0.000002226951555202581, 0.000002227326706078321, 3.1656821331690297e-12, 3.2892036289421416e-8, 3.2895201971554585e-8, 9.58447867088454e-16, 4.111386121367629e-9, 4.111387079815496e-9, 6.890730427161102e-18, 5.32101994517514e-11, 5.321020634248183e-11, 9.331416064305237e-22, 4.5483079027150245e-12, 4.548307903648166e-12
864.1999999999999, 0.014016284059881435, 0.002496179175857873, 0.016512463235739308, 0.013978861874509387, 0.0018950842309736309, 0.015873946105483018, 0.0000370138543347639, 0.0005881816842882425, 0.0006251955386230064, 4.080129258194803e-7, 0.000010810996545114199, 0.00001121900947093368, 3.1544080356551074e-10, 0.000002067861483782702, 0.0000020681769245862676, 2.669892095578005e-12, 3.063454081146694e-8, 3.063721070356252e-8, 7.62360085505401e-16, 3.7158051208082543e-9, 3.7158058831683396e-9, 5.490374593962314e-18, 4.817286906926401e-11, 4.8172874559638606e-11, 7.016086111721254e-22, 3.997934781600792e-12, 3.9979347823024006e-12
876.4, 0.013221137303250594, 0.002435519158446699, 0.015656656461697293, 0.013187910373127441, 0.0018632920808555314, 0.015051202453982972, 0.00003286191787639588, 0.0005599107010108676, 0.0005927726188872635, 3.647440873104718e-7, 0.000010362098094875884, 0.000010726842182186355, 2.6590171475786864e-10, 0.0000019223075560184692, 0.000001922573457733227, 2.2571161668866093e-12, 2.8560479753386863e-8, 2.856273686955375e-8, 6.083636474999724e-16, 3.363211506845918e-9, 3.3632121152095654e-9, 4.3885218232795474e-18, 4.3673197761769373e-11, 4.36732021502912e-11, 5.296498055461451e-22, 3.5206221167436542e-12, 3.520622117273304e-12
888.5999999999999, 0.012482032108391338, 0.0023778648336962825, 0.01485989694208762, 0.012452475042024918, 0.0018326215866957107, 0.014285096628720628, 0.000029230270119045705, 0.0005334867543538131, 0.0005627170244728589, 3.265696441955324e-7, 0.000009937792622357795, 0.000010264362266553327, 2.2469010631689108e-10, 0.0000017889561282378024, 0.0000017891808183441192, 1.9125792878877812e-12, 2.6652692789689063e-8, 2.665460536897695e-8, 4.87010135711094e-16, 3.0484109754837655e-9, 3.0484114624939013e-9, 3.518650364395981e-18, 3.964748257792362e-11, 3.9647486096573986e-11, 4.0140293009009284e-22, 3.105835005705995e-12, 3.105835006107398e-12
900.8, 0.01179425724364253, 0.002322999210634398, 0.014117256454276928, 0.011767917258133925, 0.0018030117407990612, 0.013570928998932986, 0.000026046961807589045, 0.0005087567334835061, 0.0005348036952910951, 2.9283176007607853e-7, 0.000009536412199525321, 0.0000098292439596014, 1.9031625802705898e-10, 0.0000016666226036326296, 0.0000016668129198906567, 1.624287926374367e-12, 2.4895830574872072e-8, 2.4897454862798448e-8, 3.910625687272402e-16, 2.7668986046210168e-9, 2.7668989956835856e-9, 2.8296914125487578e-18, 3.6040297045470586e-11, 3.6040299875161997e-11, 3.0536788293667537e-22, 2.7446752340792088e-12, 2.7446752343845765e-12
913, 0.011153560831661778, 0.0022707254228601873, 0.013424286254521965, 0.011130046788511073, 0.0017744060046779534, 0.012904452793189027, 0.000023250915345682764, 0.00048558291573339355, 0.0005088338310790763, 2.6296484957084354e-7, 0.000009156423450577557, 0.0000094193883001484, 1.6157265546997753e-10, 0.0000015542528329733892, 0.0000015544144056288592, 1.382478568134831e-12, 2.327614246127684e-8, 2.3277524939844977e-8, 3.1495713152207504e-16, 2.5147593517663978e-9, 2.5147596667235294e-9, 2.2822969866560593e-18, 3.2803323606415734e-11, 3.280332588871272e-11, 2.3316989081269703e-22, 2.429609175224566e-12, 2.429609175457736e-12
925.1999999999999, 0.01055609945332636, 0.0022208644760744536, 0.012776963929400814, 0.010535072688556728, 0.0017467519002730327, 0.012281824588829761, 0.000020790144470043105, 0.00046384115178666727, 0.00048463129625671037, 2.364816425277685e-7, 0.000008796414988730537, 0.000009032896631258306, 1.3747762268723402e-10, 0.0000014509070747815257, 0.000001451044552404213, 1.1791809463022823e-12, 2.1781291521673188e-8, 2.178247070261949e-8, 2.5440083503726347e-16, 2.288584043513659e-9, 2.288584297914494e-9, 1.8460427336178673e-18, 2.9894363446818376e-11, 2.989436529286111e-11, 1.7868367250295458e-22, 2.154243819101278e-12, 2.1542438192799614e-12
937.4, 0.009998393561589528, 0.0021732532887075873, 0.012171646850297115, 0.00997956019412977, 0.0017200006456888402, 0.01169956083981861, 0.0000186202877202172, 0.000443419295899117, 0.0004620395836193342, 2.1296150068005142e-7, 0.00000845508618416675, 0.000008668047684846801, 1.1723078125750538e-10, 0.0000013557461304674794, 0.000001355863361248737, 1.0078710449879196e-12, 2.0400193060366092e-8, 2.040120093141108e-8, 2.0606956720104372e-16, 2.085398272772032e-9, 2.0853984788415994e-9, 1.4973232462359698e-18, 2.7276494889204942e-11, 2.727649638652819e-11, 1.374102937183188e-22, 1.9131419177001234e-12, 1.9131419178375335e-12
949.5999999999999, 0.009477288340452309, 0.00212774298241164, 0.01160503132286395, 0.009460392802288718, 0.0016941068298553675, 0.011154499632144085, 0.000016703396523038338, 0.0004242158440025018, 0.00044091924052554014, 1.920405994522279e-7, 0.000008131237105461249, 0.000008323277704913476, 1.0017773802597569e-10, 0.0000012680193324706503, 0.0000012681195102086763, 8.631945768072379e-13, 1.9122873371554914e-8, 1.912373656613172e-8, 1.673805981832536e-16, 1.9026020788292944e-9, 1.9026022462098927e-9, 1.2177624134630176e-18, 2.491735649961395e-11, 2.4917357717376363e-11, 1.0603176500955486e-22, 1.701669013562259e-12, 1.7016690136682908e-12
961.8, 0.008989919274004549, 0.0020841973862787376, 0.011074116660283287, 0.008974738853230581, 0.0016690281213160418, 0.010643766974546623, 0.000015006930592972005, 0.00040613874876215954, 0.00042114567935513155, 1.7340365811538872e-7, 0.000007823759497432779, 0.000007997163155548167, 8.578199936512361e-11, 0.000001187054115034526, 0.000001187139897033891, 7.407459612257458e-13, 1.7940345985823476e-8, 1.79410867317847e-8, 1.363205278666959e-16, 1.7379186579613935e-9, 1.7379187942819214e-9, 9.930083175745052e-19, 2.2788535133621144e-11, 2.2788536126629462e-11, 8.209125627684212e-23, 1.5158665280825882e-12, 1.5158665281646794e-12
974, 0.008533681799111056, 0.002042491724470052, 0.010576173523581109, 0.008520022025210015, 0.0016447250070124285, 0.010164747032222443, 0.000013502922703012754, 0.0003891043857535513, 0.0004026073084565641, 1.5677695846000722e-7, 0.000007531628676057506, 0.000007688405634517513, 7.360256329880815e-11, 0.0000011122469399598938, 0.0000011123205425231927, 6.368911487976534e-13, 1.684450305102457e-8, 1.6845139942173366e-8, 1.113146813317908e-16, 1.589350655677726e-9, 1.5893507669924073e-9, 8.118163539325577e-19, 2.086504248172824e-11, 2.0865043293544592e-11, 6.376249789497011e-23, 1.3523462077444611e-12, 1.3523462078082237e-12
986.1999999999999, 0.008106204506511653, 0.0020025114617263865, 0.010108715968238039, 0.008093895237974418, 0.0016211605574969132, 0.009715055795471331, 0.000012167282274205922, 0.00037303664909717877, 0.00038520393137138467, 1.419224383239675e-7, 0.000007253896236267012, 0.00000739581867459098, 6.327598733972608e-11, 0.000001043055385134019, 0.000001043118661121359, 5.486251895469776e-13, 1.582801983540178e-8, 1.5828568460591328e-8, 9.112760946616195e-17, 1.4551428393861685e-9, 1.455142930513778e-9, 6.653491847801173e-19, 1.9124866414951292e-11, 1.9124867080300477e-11, 4.968278771416938e-23, 1.2082021210372366e-12, 1.2082021210869194e-12
998.4, 0.007705325431877853, 0.001964151285191823, 0.009669476717069676, 0.007694217531119975, 0.0015983002154846765, 0.009292517746604652, 0.000010979213098516199, 0.0003578661583286184, 0.0003688453714271346, 1.2863268383324216e-7, 0.000006989683481523276, 0.000007118316165356518, 5.4501995669921326e-11, 9.789912331530105e-7, 9.790457351486804e-7, 4.734574149918783e-13, 1.488427062928281e-8, 1.4884744086697803e-8, 7.478702011821761e-17, 1.3337501530648753e-9, 1.3337502278518954e-9, 5.466404147012685e-19, 1.7548585688077453e-11, 1.7548586234717867e-11, 3.883155869296747e-23, 1.0809371145858373e-12, 1.080937114624669e-12
1010.5999999999999, 0.007329071043183271, 0.0019273142042688356, 0.009256385247452106, 0.007319033543884733, 0.00157611160506586, 0.008895145148950593, 0.000009920725182477571, 0.00034352956112117207, 0.0003534502863036496, 1.1672667478514157e-7, 0.000006738175495343504, 0.000006854902170128645, 4.7031893876894696e-11, 9.196144219995597e-7, 9.196614538934366e-7, 4.0931863030456445e-13, 1.4007254565873236e-8, 1.400766388450354e-8, 6.152542306669601e-17, 1.2238103220282925e-9, 1.2238103835537155e-9, 4.501823239466757e-19, 1.6119038421156846e-11, 1.611903887133917e-11, 3.044172043916171e-23, 9.684012114157963e-13, 9.68401211446238e-13
1022.8, 0.006975637585613001, 0.0018919107529533127, 0.008867548338566313, 0.006966555274002252, 0.001554564359242506, 0.008521119633244758, 0.000008976224434414158, 0.00032996891883468296, 0.0003389451432690971, 1.0604616258039408e-7, 0.0000064986157846981275, 0.000006604661947278522, 4.0659217484327644e-11, 8.645277403689891e-7, 8.645683995864734e-7, 3.544858997738132e-13, 1.3191530088813764e-8, 1.3191884574713538e-8, 5.0735214439915e-17, 1.124120312931079e-9, 1.1241203636662934e-9, 3.716079303803164e-19, 1.4821036321541968e-11, 1.48210366931499e-11, 2.3934674454803417e-23, 8.687398965211269e-13, 8.687398965450616e-13
1035, 0.0066433744918078875, 0.001857858281385255, 0.008501232773193142, 0.006635145836792955, 0.0015336299637543054, 0.00816877580054726, 0.000008132166914639785, 0.00031713116382547436, 0.0003252633307401141, 9.645258056668898e-8, 0.000006270301433647353, 0.000006366754014214042, 3.5212162996952946e-11, 8.133721675509552e-7, 8.134073797139521e-7, 3.0752143383704246e-13, 1.243215697020534e-8, 1.2432464491639177e-8, 4.193399290392233e-17, 1.0336160672623226e-9, 1.0336161091963155e-9, 3.074450173262005e-19, 1.3641117887746935e-11, 1.3641118195191951e-11, 1.8872498921665214e-23, 7.803506079371364e-13, 7.803506079560089e-13
1047.1999999999998, 0.00633076960485359, 0.0018250803252694283, 0.008155849930123018, 0.006323304982855719, 0.0015132816154157687, 0.007836586598271487, 0.000007376766779716219, 0.000304967619090473, 0.00031234438587018925, 8.782440345263912e-8, 0.0000060525787129226655, 0.000006140403116375305, 3.054744541911002e-11, 7.658227723444948e-7, 7.658533197899139e-7, 2.6722280935180295e-13, 1.1724644932792581e-8, 1.1724912155601934e-8, 3.473769182678692e-17, 9.513550201669077e-10, 9.513550549045995e-10, 2.5492524706881834e-19, 1.2567334899766132e-11, 1.2567335154691379e-11, 1.492263499061915e-23, 7.018460533750113e-13, 7.01846053389934e-13
1059.4, 0.0060364359952181776, 0.0017935060434279134, 0.007829942038646091, 0.006029656164554327, 0.001493494093403539, 0.007523150257957866, 0.000006699748999664271, 0.0002934335721910173, 0.00030013332119068154, 8.005488627502725e-8, 0.000005844839097534198, 0.0000059248939838092245, 2.6545300507377575e-11, 7.215850977722801e-7, 7.216116430727874e-7, 2.325823221433795e-13, 1.1064908057952155e-8, 1.10651406402743e-8, 2.8839701648137195e-17, 8.765009940429048e-10, 8.765010228826065e-10, 2.1183557474780046e-19, 1.1589067386627653e-11, 1.1589067598463228e-11, 1.183171074267068e-23, 6.320232173804313e-13, 6.32023217392263e-13
1071.6, 0.005759100181727399, 0.0017630697151031736, 0.007522169896830573, 0.005752934968789603, 0.001474243642119664, 0.007227178610909267, 0.0000060921395048038485, 0.0002824878965554976, 0.0002885800360603014, 7.305012480681774e-8, 0.000005646515650044067, 0.000005719565774850884, 2.3105408159470648e-11, 6.803919687497673e-7, 6.804150741579268e-7, 2.0275371716010075e-13, 1.0449224270555912e-8, 1.0449427024273073e-8, 2.3994597931814612e-17, 8.083111208870789e-10, 8.083111448816769e-10, 1.7640224677092944e-19, 1.0696863001900025e-11, 1.0696863178302272e-11, 9.40606920423122e-24, 5.698371231833011e-13, 5.698371231927072e-13
1083.8, 0.0054975915914109085, 0.0017337102897931837, 0.007231301881204092, 0.005491978757000714, 0.001455507864432581, 0.006947486621433295, 0.000005546086700866743, 0.0002720927142330345, 0.00027763880093390126, 6.672738872396249e-8, 0.000005457079732004086, 0.0000055238071207280485, 2.014355898179656e-11, 6.420006686701762e-7, 6.42020812229158e-7, 1.7702489362195072e-13, 9.874199285548497e-9, 9.874376310442118e-9, 2.0005421657985476e-17, 7.461245011276737e-10, 7.461245211330953e-10, 1.4719997642586069e-19, 9.882297357347671e-12, 9.882297504547647e-12, 7.497233000806966e-24, 5.143785758619674e-13, 5.143785758694646e-13
1096, 0.005250833114306559, 0.0017053709833589016, 0.0069562040976654605, 0.005245717373540163, 0.0014372656242225765, 0.006682982997762739, 0.0000050547093359977215, 0.0002622130949923337, 0.0002672678043283314, 6.101368666411422e-8, 0.000005276038010296626, 0.0000053370516969607406, 1.7588922006428058e-11, 6.061904383434389e-7, 6.062080272654453e-7, 1.5479546103915344e-13, 9.336734481522305e-9, 9.336889276983344e-9, 1.6713707656894742e-17, 6.893523515836e-10, 6.893523682973077e-10, 1.2308063148721755e-19, 9.137852384297514e-12, 9.137852507378145e-12, 5.991017193418533e-24, 4.648552462367381e-13, 4.648552462427291e-13
1108.1999999999998, 0.005017832627588975, 0.00167799891499224, 0.006695831542581215, 0.00501316480098568, 0.0014194969572981506, 0.006432661758283831, 0.0000046119665571205605, 0.0002528167873578434, 0.00025742875391496396, 5.5844528801766563e-8, 0.0000051029297288423964, 0.000005158774257644163, 1.5381799900041994e-11, 5.727602570929516e-7, 5.727756388928516e-7, 1.3555824287311542e-13, 8.833998235721955e-9, 8.834133793964827e-9, 1.3991645458999867e-17, 6.374694327687602e-10, 6.374694467604057e-10, 1.031170875948551e-19, 8.456810228770052e-12, 8.45681033188714e-12, 4.7993475758301364e-24, 4.205755637223822e-13, 4.2057556372718153e-13
1120.4, 0.004797675379153422, 0.0016515447803308317, 0.006449220159484253, 0.00479341165601171, 0.0014021829898464722, 0.0061955946458581825, 0.000004212546693067599, 0.0002438739777679682, 0.0002480865244610358, 5.116285796699577e-8, 0.000004937324219403418, 0.000004988487077370414, 1.3471780467311554e-11, 5.415268712428822e-7, 5.415403430233496e-7, 1.1888400029132813e-13, 8.363400314555964e-9, 8.363519198556256e-9, 1.1735899599354246e-17, 5.9000657728721e-10, 5.900065890231095e-10, 8.655890298411677e-20, 7.833160554188845e-12, 7.833160640747748e-12, 3.854092164714823e-24, 3.8093497575203043e-13, 3.809349757558845e-13
1132.6, 0.004589517134406239, 0.001625962556618954, 0.006215479691025193, 0.004585618432483658, 0.001385305863680737, 0.005970924296164395, 0.000003851771877110602, 0.0002353570745459009, 0.0002392088464230115, 4.691812484139967e-8, 0.0000047788186280766405, 0.00000482573675291804, 1.1816211087644818e-11, 5.123230398688765e-7, 5.123348560799642e-7, 1.0440878854808967e-13, 7.922568965022396e-9, 7.922673373810943e-9, 9.862725016962781e-18, 5.465441675541357e-10, 5.465441774168607e-10, 7.27972334220149e-20, 7.261519435453809e-12, 7.261519508251043e-12, 3.1023957682804614e-24, 3.454042049504217e-13, 3.4540420495352407e-13
1144.8, 0.004392578001797005, 0.001601209236331393, 0.005993787238128398, 0.004389009409744347, 0.0013688486676262006, 0.005757858077370548, 0.000003525516095358294, 0.00022724051380560334, 0.00023076602990096162, 4.3065486531199976e-8, 0.000004627035836606208, 0.000004670101323137408, 1.0378936920471448e-11, 4.849959716596973e-7, 4.850063505966178e-7, 9.182347050277272e-14, 7.509330396947622e-9, 7.509422220418125e-9, 8.304095994412681e-18, 5.067064333981814e-10, 5.067064417022774e-10, 6.133698952426766e-20, 6.737058290477952e-12, 6.7370583518149415e-12, 2.503140431607464e-24, 3.135191959434664e-13, 3.1351919594596955e-13
1157, 0.004206136862850833, 0.001577244586127318, 0.005783381448978151, 0.00420286715389073, 0.0013527953744607562, 0.005555662528351486, 0.0000032301346390043446, 0.000219500584785832, 0.00022273071942483636, 3.956511097173184e-8, 0.000004481622559869753, 0.0000045211876708414844, 9.129255049411395e-12, 4.594059301473533e-7, 4.5941505940240274e-7, 8.086500152377444e-14, 7.121690384339788e-9, 7.121771249341312e-9, 7.004630458969243e-18, 4.701564589287814e-10, 4.701564659334118e-10, 5.17746857482622e-20, 6.255441517259474e-12, 6.25544156903416e-12, 2.024251916631791e-24, 2.8487249387890144e-13, 2.8487249388092567e-13
1169.2, 0.00402952634133869, 0.00155403092838709, 0.00558355726972578, 0.004026527548391481, 0.001337130782889006, 0.005363658331280487, 0.0000029624032625851956, 0.00021211527242306135, 0.00021507767568564655, 3.638157226409582e-8, 0.0000043422476028631615, 0.000004378629175127257, 8.041045803432756e-12, 4.354249874951204e-7, 4.354330285409238e-7, 7.130917211514553e-14, 6.7578177475389076e-9, 6.7578890567110224e-9, 5.919140092260729e-18, 4.365918039788767e-10, 4.3659180989801684e-10, 4.3780774081471674e-20, 5.81277169299946e-12, 5.812771736780234e-12, 1.6406439109728497e-24, 2.591058383236758e-13, 2.5910583832531644e-13
1181.3999999999999, 0.003862128253953225, 0.001531532942915215, 0.00539366119686844, 0.003859375297854395, 0.0013218404640809992, 0.005181215761935394, 0.000002719465619540852, 0.00020506411524785548, 0.00020778358086739632, 3.3483324269803367e-8, 0.000004208600262247588, 0.000004242083586517391, 7.092049770022787e-12, 4.1293590955789674e-7, 4.1294300160766675e-7, 6.29645526497298e-14, 6.416029506763055e-9, 6.416092471315705e-9, 5.0106741252465055e-18, 4.057406589211231e-10, 4.057406639317972e-10, 3.7085520438670137e-20, 5.405541351871069e-12, 5.40554138895659e-12, 1.3326444217286799e-24, 2.3590379073434314e-13, 2.359037907356758e-13
1193.6, 0.0037033694915895535, 0.0015097174866881722, 0.005213086978277726, 0.0037008398552588213, 0.0013069107123621325, 0.005007750567620954, 0.000002498787770132107, 0.00019832807692561055, 0.00020082686469574267, 3.084224166342796e-8, 0.000004080388859073812, 0.000004111231100737239, 6.263264866305698e-12, 3.9183115710911245e-7, 3.9183742037397876e-7, 5.566743144361749e-14, 6.0947775228698825e-9, 6.094833190301326e-9, 4.248953580564372e-18, 3.773584631077941e-10, 3.773584673567477e-10, 3.1467686648427835e-20, 5.030590494428495e-12, 5.030590525896182e-12, 1.0847878351588609e-24, 2.1498824242985309e-13, 2.1498824243093788e-13
1205.8, 0.0035527182862210792, 0.0014885534297691219, 0.005041271715990201, 0.0035503917286704564, 0.0012923284996767918, 0.004842720228347248, 0.0000022981187436750005, 0.00019188942996664572, 0.0001941875487103207, 2.8433219224456208e-8, 0.0000039573393906546245, 0.0000039857726098790805, 5.538442551843947e-12, 3.720119900105327e-7, 3.720175284530846e-7, 4.9277575304755143e-14, 5.792636463038721e-9, 5.7926857406140255e-9, 3.609115083794023e-18, 3.512249269170835e-10, 3.512249305261986e-10, 2.6745439725560842e-20, 4.685069097902153e-12, 4.685069124647593e-12, 8.8488509173681e-25, 1.9611367394749816e-13, 1.9611367394838304e-13
1218, 0.0034096808234976407, 0.0014680115057350016, 0.004877692329232642, 0.0034075391284359275, 0.0012780814334916886, 0.004685620561927616, 0.0000021154562928822197, 0.00018573165030774194, 0.00018784710660062415, 2.623382148649436e-8, 0.000003839194290785679, 0.0000038654281122721735, 4.903666078056971e-12, 3.5338766273344144e-7, 3.533925663995195e-7, 4.3674672415730527e-14, 5.5082929482446445e-9, 5.5083366229170606e-9, 3.0707007188681245e-18, 3.2714140568321197e-10, 3.271414087539127e-10, 2.276903357394039e-20, 4.366403995989779e-12, 4.366404018758812e-12, 7.233059953491446e-25, 1.7906305667064516e-13, 1.7906305667136847e-13
1230.2, 0.0032737981657075988, 0.0014480641751506694, 0.004721862340858268, 0.0032718249202368854, 0.0012641577178378275, 0.004535982638074713, 0.0000019490171089647105, 0.00017983932162091322, 0.00018178833872987794, 2.4223975993818907e-8, 0.000003725711288585246, 0.000003749935264579065, 4.3469967568028025e-12, 3.358747010530147e-7, 3.358790480497715e-7, 3.875534237534122e-14, 5.240535756085738e-9, 5.2405745114281135e-9, 2.6168439036191192e-18, 3.049285808620686e-10, 3.049285834789125e-10, 1.9414904470298074e-20, 4.0722695817784585e-12, 4.072269601193363e-12, 5.924237816383934e-25, 1.636443043614819e-13, 1.636443043620743e-13
1242.3999999999999, 0.003144643453695936, 0.001428685500787993, 0.004573328954483929, 0.0031428238532232207, 0.0012505461172175499, 0.0043933699704407705, 0.0000017972108757296739, 0.00017419804833879074, 0.0001759952592145204, 2.2385704375548982e-8, 0.0000036166623571939157, 0.0000036390480615694645, 3.858176735967276e-12, 3.1939625096701523e-7, 3.194001091437512e-7, 3.4430618551831037e-14, 4.98824696714074e-9, 4.988281397759292e-9, 2.2336117999978627e-18, 2.844244098317534e-10, 2.8442441206536523e-10, 1.6580896849136764e-20, 3.800561860283323e-12, 3.80056187686422e-12, 4.8618413878857765e-25, 1.496871962700206e-13, 1.4968719627050678e-13
1254.6, 0.003021819359807227, 0.0014098510334354308, 0.004431670393242658, 0.0030201400358287494, 0.001237235923131973, 0.004257375958960722, 0.0000016586176332090223, 0.00016879437650267775, 0.00017045299413588676, 2.0702886263577387e-8, 0.0000035118327444314292, 0.0000035325356306950066, 3.4283788087371026e-12, 3.038814919588337e-7, 3.038849203376424e-7, 3.0623824487128695e-14, 4.7503939558550145e-9, 4.750424579679502e-9, 1.9094730117550157e-18, 2.6548231090584616e-10, 2.654823128153192e-10, 1.418239478918507e-20, 3.5493754396683035e-12, 3.5493754538506984e-12, 3.9976993910404907e-25, 1.370407052841584e-13, 1.370407052845582e-13
1266.8, 0.0029049557669815636, 0.001391537707272125, 0.004296493474253689, 0.0029034046348534047, 0.0012242169230092573, 0.004127621557862662, 0.000001531967999118406, 0.00016361572164112743, 0.00016514768964024583, 1.9161051774740192e-8, 0.000003411020078272942, 0.0000034301811300476826, 3.049995444814242e-12, 2.892651076563426e-7, 2.8926815765178744e-7, 2.7268779652715124e-14, 4.526022138162197e-9, 4.52604940694185e-9, 1.6348657860430303e-18, 2.4796955457599746e-10, 2.4796955621086323e-10, 1.2149180836460506e-20, 3.3169831039857747e-12, 3.3169831161349556e-12, 3.2933977224005317e-25, 1.2557067450821336e-13, 1.2557067450854269e-13
1279, 0.002793707651823534, 0.0013737237438887452, 0.004167431395712279, 0.0027922737760218653, 0.0012114793713317532, 0.0040037531473536185, 0.000001416125862028274, 0.0001586503029758985, 0.00016006642883792678, 1.774719886971598e-8, 0.000003314033540697504, 0.00000333178073956722, 2.716460589696516e-12, 2.75486807751608e-7, 2.754895242121977e-7, 2.430828096838929e-14, 4.314248397917175e-9, 4.314272706198144e-9, 1.4018470160677103e-18, 2.3176583581396157e-10, 2.317658372158086e-10, 1.0422880191547958e-20, 3.101817656571799e-12, 3.101817666994679e-12, 2.718235332847129e-25, 1.1515779402163036e-13, 1.1515779402190218e-13
1291.1999999999998, 0.002687753151845627, 0.001356388564137914, 0.004044141715983541, 0.002686426626553703, 0.0011990139627812, 0.003885440589334903, 0.000001310073215724879, 0.00015388708333029022, 0.0001551971565460151, 1.644963240645934e-8, 0.000003220693104070278, 0.000003237142736476737, 2.4220988893011176e-12, 2.624908957567887e-7, 2.62493317855678e-7, 2.1692815615376945e-14, 4.114255122898375e-9, 4.114276815713991e-9, 1.203806343001675e-18, 2.1676200554406316e-10, 2.167620067478695e-10, 8.954877002324599e-21, 2.9024557632011544e-12, 2.9024557721560316e-12, 2.247622301294541e-25, 1.056958366339549e-13, 1.0569583663417966e-13
1303.3999999999999, 0.0025867917991887817, 0.0013395127070852074, 0.003926304506273989, 0.002585563642333971, 0.0011868118072395845, 0.0037723754495735556, 0.0000012128968512944208, 0.00014931571418342569, 0.00015052861103472012, 1.5257822138162803e-8, 0.0000031308288247700153, 0.000003146086646908178, 2.1619979088565815e-12, 2.5022587779366e-7, 2.502280397915688e-7, 1.9379468176377516e-14, 3.92528478876331e-9, 3.9253041682314865e-9, 1.0352328186482582e-18, 2.0285894222249877e-10, 2.028589432577316e-10, 7.704612210750284e-21, 2.717603558575834e-12, 2.717603566280446e-12, 1.8618214827241964e-25, 9.709011742558093e-14, 9.709011742576712e-14
1315.6, 0.0024905429049789283, 0.0013230777554033846, 0.003813620660382313, 0.0024894049640890687, 0.001174864406493639, 0.0036642693705827077, 0.0000011237766633518082, 0.0001449264853742786, 0.00014605026203763042, 1.4162277275965962e-8, 0.0000030442801892735957, 0.0000030584424665495617, 1.931899664565983e-12, 2.386441081601625e-7, 2.3864604005982707e-7, 1.7330991316281393e-14, 3.7466350360761505e-9, 3.746652367067467e-9, 8.915240934964014e-19, 1.899665468984392e-10, 1.899665477899633e-10, 6.63819040053837e-21, 2.5460838095451826e-12, 2.546083816183373e-12, 1.5449577468814017e-25, 8.925614692518184e-14, 8.925614692533633e-14
1327.8, 0.0023987440801321066, 0.0013070662666263702, 0.003705810346758477, 0.0023976889485919817, 0.0011631636325106572, 0.003560852581102639, 0.0000010419753609470276, 0.0001407102790124737, 0.00014175225437342072, 1.315443555394566e-8, 0.000002960895508341058, 0.0000029740499438950036, 1.7281084031453263e-12, 2.2770146789506896e-7, 2.277031960034721e-7, 1.5515014319993558e-14, 3.5776541914769738e-9, 3.5776697064912937e-9, 7.688300797044556e-19, 1.7800284723925233e-10, 1.780028480080824e-10, 5.72723739070473e-21, 2.3868244543119757e-12, 2.386824460039213e-12, 1.2842361334377908e-25, 8.211845207057033e-14, 8.211845207069876e-14
1340, 0.002311149879877817, 0.0012914617097353246, 0.0036026115896131417, 0.00231017082234895, 0.0011517017071615066, 0.0034618725295104567, 9.668294025445134e-7, 0.00013665852719969626, 0.00013762535660224076, 1.2226565006738519e-8, 0.000002880531355351831, 0.0000028927579203585693, 1.5474120738143844e-12, 2.173570729833684e-7, 2.1735862039544223e-7, 1.3903368024141792e-14, 3.4177371892971024e-9, 3.4177510926651265e-9, 6.639246196034047e-19, 1.6689319782450542e-10, 1.6689319848843004e-10, 4.947961702718705e-21, 2.2388483592499894e-12, 2.238848364197951e-12, 1.0693234932174232e-25, 7.560954274923464e-14, 7.560954274934157e-14
1352.1999999999998, 0.0022275305605707935, 0.0012762484066006895, 0.003503778967171483, 0.002226621446495173, 0.0011404711832761053, 0.0033670926297712784, 8.977409992281235e-7, 0.00013276317320695143, 0.00013366091420617955, 1.1371676904646747e-8, 0.0000028030520451974903, 0.000002814423722102137, 1.3870153577631262e-12, 2.0757300921501654e-7, 2.075743962303743e-7, 1.2471508176162387e-14, 3.2663218545947506e-9, 3.2663343261029266e-9, 5.740999478616356e-19, 1.5656956559449265e-10, 1.565695661685926e-10, 4.2803821110979784e-21, 2.1012641544423107e-12, 2.101264158722693e-12, 8.918583602260574e-26, 6.966900482332241e-14, 6.96690048234116e-14
1364.3999999999999, 0.002147670938515275, 0.0012614114778590904, 0.0034090824163743655, 0.0021468261827597033, 0.0011294649269341693, 0.0032762911096938727, 8.341710513975635e-7, 0.00012901663578972065, 0.0001298508068411182, 1.0583448493182479e-8, 0.000002728329150461076, 0.0000027389125989542583, 1.2444824689316204e-12, 1.9831409103610502e-7, 1.9831533551857394e-7, 1.1198022156326553e-14, 3.1228855126719334e-9, 3.12289671069409e-9, 4.970797418663483e-19, 1.469698907084403e-10, 1.4696989120552003e-10, 3.7076907483301814e-21, 1.9732580259345906e-12, 1.9732580296422815e-12, 7.450616274037197e-26, 6.424270319201902e-14, 6.424270319209352e-14
1376.6, 0.0020713693415570665, 0.0012469367928356523, 0.0033183061343927188, 0.002070583851372588, 0.0011186761008928222, 0.00318925995226541, 7.756329023674983e-7, 0.00012541177635539829, 0.0001261874092577658, 9.856154358232653e-9, 0.0000026562410518985495, 0.0000026660972062567823, 1.1176882287289294e-12, 1.8954764201916422e-7, 1.8954875970739295e-7, 1.006420641126807e-14, 2.986941893816124e-9, 2.9869519580225354e-9, 4.3094735808809373e-19, 1.3803751426039723e-10, 1.3803751469134457e-10, 3.2157270528329824e-21, 1.8540863574660597e-12, 1.854086360681787e-12, 6.234266433631544e-26, 5.92820807077403e-14, 5.928208070780264e-14
1388.8, 0.001998436645109712, 0.0012328109231688053, 0.003231247568278517, 0.001997705772682799, 0.0011080981490695957, 0.0031058039217523948, 7.216868076942383e-7, 0.00012194186872639906, 0.0001226635555340933, 9.184605388669539e-9, 0.00000258667252051167, 0.0000025958571259003395, 1.0047761576100349e-12, 1.8124329483446598e-7, 1.812442996106236e-7, 9.053703957167644e-15, 2.858038305218117e-9, 2.8580473589220744e-9, 3.740864997197394e-19, 1.2972066533563384e-10, 1.2972066570972035e-10, 2.792542518774005e-21, 1.7430691272262743e-12, 1.7430691300188169e-12, 5.224720162363535e-26, 5.474354069493297e-14, 5.4743540694985216e-14
1401, 0.001928695385105282, 0.0012190210998204317, 0.003147716484925714, 0.0019280148850660738, 0.001097724781999182, 0.003025739667065256, 6.719350324949272e-7, 0.00011860057126784712, 0.00011927250630034206, 8.564094438365863e-9, 0.0000025195143287274968, 0.0000025280784231658628, 9.041225265591064e-13, 1.7337280882842757e-7, 1.7337371295095414e-7, 8.152192986968347e-15, 2.735753044923346e-9, 2.735761197116333e-9, 3.251320770730542e-19, 1.2197200079452974e-10, 1.2197200111966181e-10, 2.4280399638218498e-21, 1.6395839764483236e-12, 1.6395839788763637e-12, 4.3854403640033585e-26, 5.058790247837508e-14, 5.0587902478418934e-14
1413.1999999999998, 0.0018619789410878804, 0.0012055551731926398, 0.00306753411428052, 0.0018613449324178992, 0.001087549963197284, 0.0029488948956151832, 6.260175004257662e-7, 0.00011538190117177045, 0.00011600791867219622, 7.990347902384779e-9, 0.000002454662888420887, 0.0000024626532363232717, 8.143054781243169e-13, 1.659099035150445e-7, 1.6591071782052263e-7, 7.347119016829416e-15, 2.619693035220359e-9, 2.6197003823393755e-9, 2.829294414844703e-19, 1.1474819195782216e-10, 1.147481922407516e-10, 2.1136740587505582e-21, 1.5430608764054776e-12, 1.5430608785191517e-12, 3.686584423995841e-26, 4.6779920746956575e-14, 4.6779920746993443e-14
1425.3999999999999, 0.0017981307833213921, 0.0011924015760877932, 0.0029905323594091853, 0.0017975397151703055, 0.0010775678963597702, 0.0028751076115300757, 5.836079278605962e-7, 0.00011228021070983686, 0.00011286381863769745, 7.45948251990884e-9, 0.000002392019913711778, 0.000002399479396231687, 7.340784659448202e-13, 1.5883010646297748e-7, 1.5883084054144342e-7, 6.6274641792671394e-15, 2.5094916551472665e-9, 2.509498282611446e-9, 2.4650051028012e-19, 1.0800955305475004e-10, 1.0800955330125055e-10, 1.842202308131617e-21, 1.4529773289441834e-12, 1.4529773307863857e-12, 3.103734473540298e-26, 4.328786079842045e-14, 4.328786079845149e-14
1437.6, 0.0017370037783712273, 0.0011795492892854153, 0.0029165530676566426, 0.001736452399350716, 0.001067773013343536, 0.002804225412694252, 5.444103853786609e-7, 0.00010929016528512584, 0.0001098345756705045, 6.967966801351327e-9, 0.000002331492106639729, 0.00000233846007344108, 6.62347378315786e-13, 1.521106142175343e-7, 1.521112765649126e-7, 5.983548252972754e-15, 2.4048067538555743e-9, 2.4048127374038274e-9, 2.150155713896912e-19, 1.0171970689833391e-10, 1.0171970711334948e-10, 1.6074776498542502e-21, 1.3688540432365816e-12, 1.3688540448440593e-12, 2.6168765385077664e-26, 4.008312276064549e-14, 4.008312276067166e-14
1449.8, 0.0016784595481412943, 0.0011669878095191596, 0.002845447357660454, 0.0016779448787152056, 0.0010581599628687658, 0.0027361048415839714, 5.08156235979725e-7, 0.00010640672312940776, 0.00010691487936538749, 6.5125865509461076e-9, 0.0000022729908639845493, 0.0000022795034505354955, 5.981508089433438e-13, 1.4573016503655637e-7, 1.457307631873653e-7, 5.406856844308786e-15, 2.305318828358185e-9, 2.3053242352150293e-9, 1.8776977847242787e-19, 9.584528377732911e-11, 9.584528396509889e-11, 1.4042754446520953e-21, 1.2902510379623347e-12, 1.29025103936661e-12, 2.2095782319181085e-26, 3.713990878621806e-14, 3.7139908786240155e-14
1462, 0.0016223678778211617, 0.001154707119664834, 0.0027770749974859957, 0.0016218871854557454, 0.001048723599895098, 0.0026706107853508433, 4.7460140586259966e-7, 0.00010362511650712464, 0.00010409971791298724, 6.0904140203135225e-9, 0.0000022164320036410996, 0.000002222522417661413, 5.406430199108889e-13, 1.396689223429484e-7, 1.396694629859683e-7, 4.889892828963035e-15, 2.2107293508219045e-9, 2.2107342407147334e-9, 1.6416352522129392e-19, 9.035565001669599e-11, 9.035565018085952e-11, 1.2281489291602109e-21, 1.2167641239488862e-12, 1.2167641251770351e-12, 1.8683251452869027e-26, 3.4434927996778425e-14, 3.4434927996797106e-14
1474.1999999999998, 0.001568606168618835, 0.0011426976609626917, 0.0027113038295815267, 0.0015681569453959644, 0.0010394589756232597, 0.002607615921019224, 4.435239490806376e-7, 0.00010094083430016982, 0.00010138435824925046, 5.6987802845357705e-9, 0.000002161735509093532, 0.0000021674342893780676, 4.890792109327005e-13, 1.339083679073316e-7, 1.3390885698654252e-7, 4.426047746344571e-15, 2.1207592320142796e-9, 2.120763658062026e-9, 1.436860335279554e-19, 8.522266306343932e-11, 8.522266320712535e-11, 1.0753082653071435e-21, 1.1480217273570301e-12, 1.1480217284323385e-12, 1.5819843304440397e-26, 3.194713462502378e-14, 3.1947134625039604e-14
1486.3999999999999, 0.0015170589315371416, 0.001130950307114811, 0.0026480092386519526, 0.0015166388739676307, 0.00103036132807943, 0.0025470002020470607, 4.1472187221730965e-7, 0.00009834960585929306, 0.00009876432773151038, 5.335250481068225e-9, 0.000002108825290648718, 0.000002114160541129786, 4.4280276674800544e-13, 1.2843120387252648e-7, 1.2843164667529324e-7, 4.009490331717775e-15, 2.0351474088155384e-9, 2.03515141830587e-9, 1.259016081016115e-19, 8.042045031081953e-11, 8.042045043672114e-11, 9.425191822205025e-22, 1.0836820179965261e-12, 1.0836820189390453e-12, 1.34136975393891e-26, 2.965749538387438e-14, 2.9657495383887793e-14
1498.6, 0.0014676173187917498, 0.0011194563401134498, 0.0025870736589051996, 0.0014672243095959407, 0.0010214260732438944, 0.002488650382839835, 3.880111893448584e-7, 0.00009584738601845772, 0.00009623539720780258, 4.997601594521678e-9, 0.000002057628962202977, 0.0000020626265637974987, 4.012342035320384e-13, 1.2322126281976046e-7, 1.2322166405396398e-7, 3.635069787068794e-15, 1.9536495448630467e-9, 1.9536531799328336e-9, 1.1043810746937093e-19, 7.592520918668669e-11, 7.59252092971248e-11, 8.270179114972288e-22, 1.0234303112606542e-12, 1.023430312087672e-12, 1.1388897182041363e-26, 2.7548782594137837e-14, 2.7548782594149225e-14
1510.8, 0.001420178689778848, 0.0011082074276658896, 0.0025283861174447376, 0.0014198107814280016, 0.0010126487966857086, 0.00243245957811371, 3.6322418117895685e-7, 0.00009343034117785385, 0.00009379356535903281, 4.6838025076340746e-9, 0.0000020080776324113167, 0.000002012761434918951, 3.6386157646432125e-13, 1.1826342515478663e-7, 1.182637890163631e-7, 3.298231743317184e-15, 1.876036834434231e-9, 1.876040132665974e-9, 9.697725964577673e-20, 7.171502630727168e-11, 7.171502640424894e-11, 7.264396930689784e-22, 9.66976715666068e-13, 9.669767163925077e-13, 9.682602935921755e-27, 2.5605390038302883e-14, 2.5605390038312567e-14
1523, 0.0013746462087772641, 0.0010971956020955334, 0.0024718418108727975, 0.0013743016086124943, 0.0010040252456705672, 0.0023783268542830614, 3.402078354712051e-7, 0.000091094836369804, 0.0000914350442052752, 4.391996071420073e-9, 0.0000019601057092219323, 0.0000019644977052933525, 3.3023214542215765e-13, 1.1354354316252127e-7, 1.135438733946667e-7, 2.994945164445497e-15, 1.8020949006205607e-9, 1.8020978955657252e-9, 8.524651565853993e-20, 6.776971374117714e-11, 6.776971382642366e-11, 6.387586009162161e-22, 9.14054001040627e-13, 9.140540016793855e-13, 8.24272002006658e-27, 2.3813168885772795e-14, 2.3813168885781037e-14
1535.1999999999998, 0.0013309284718217044, 0.00108641324060843, 0.0024173417124301344, 0.001330605528587615, 0.0009955513217107443, 0.0023261568502983593, 3.1882244844650106e-7, 0.00008883742322943452, 0.00008915624567788102, 4.1204829761033385e-9, 0.000001913650716818949, 0.0000019177711997950526, 2.999451253647777e-13, 1.0904837114151851e-7, 1.0904867108664388e-7, 2.7216386966606816e-15, 1.7316227796848664e-9, 1.731625501323563e-9, 7.501218684018693e-20, 6.407066064271464e-11, 6.407066071772683e-11, 5.62236825225386e-22, 8.644156651240992e-13, 8.644156656863361e-13, 7.025995400161094e-27, 2.21592813634505e-14, 2.2159281363457527e-14
1547.3999999999999, 0.0012889391604091257, 0.001075853046823876, 0.0023647922072330017, 0.0012886363520573044, 0.0009872230735284066, 0.002275859425585711, 2.989403694711384e-7, 0.00008665482879888353, 0.00008695376916835467, 3.867707229567956e-9, 0.0000018686531240945977, 0.0000018725208313241656, 2.7264537306824035e-13, 1.0476550108613824e-7, 1.0476577373151131e-7, 2.475145180229785e-15, 1.6644319842280443e-9, 1.6644344593732246e-9, 6.607365583174559e-20, 6.060069870231719e-11, 6.060069876839085e-11, 4.953818657985813e-22, 8.178341787095645e-13, 8.178341792049463e-13, 5.99646342081921e-27, 2.0632070130170824e-14, 2.063207013017682e-14
1559.6, 0.0012485967199064414, 0.001065508033474559, 0.0023141047533810004, 0.0012483126425398444, 0.0009790366904040906, 0.002227349332943935, 2.804448732540426e-7, 0.00008454394510001873, 0.00008482438997327278, 3.6322430720926177e-9, 0.0000018250561838381741, 0.0000018286884269102668, 2.4801788300775454e-13, 1.0068330343460586e-7, 1.0068355145248887e-7, 2.252653224015855e-15, 1.6003456385130777e-9, 1.6003478911663018e-9, 5.825848623597601e-20, 5.73439800308399e-11, 5.7343980089098386e-11, 4.369103536012833e-22, 7.740993916288545e-13, 7.740993920657649e-13, 5.1241740094273714e-27, 1.9220941563381288e-14, 1.9220941563386413e-14
1571.8, 0.0012098240607124736, 0.0010553715061930639, 0.0022651955669055375, 0.001209557418555755, 0.0009709884958876995, 0.0021805459144434544, 2.6322914570841143e-7, 0.00008250181941632219, 0.0000827650485620306, 3.41278317555141e-9, 0.0000017828057818934188, 0.0000017862185650689701, 2.2578298345811553e-13, 9.67908724466047e-8, 9.679109822958816e-8, 2.0516648980104113e-15, 1.5391976798547457e-9, 1.5391997315196438e-9, 5.141828615498154e-20, 5.428586624087518e-11, 5.4285866292293464e-11, 3.857174332061529e-22, 7.330170837079301e-13, 7.330170840936475e-13, 4.3841503956159284e-27, 1.7916261381573798e-14, 1.791626138157818e-14
1584, 0.0011725482803943063, 0.001045437048305547, 0.0022179853286998534, 0.0011722978766875532, 0.0009630749418482081, 0.0021353728185357613, 2.471953711984609e-7, 0.00008052564522965625, 0.00008077284060085472, 3.208127992318063e-9, 0.0000017418502955954743, 0.0000017450584235877925, 2.0569213910340238e-13, 9.307797581491848e-8, 9.307818150705759e-8, 1.8699587315877517e-15, 1.4808321205837694e-9, 1.480833990542501e-9, 4.5425204580761774e-20, 5.1412827621371675e-11, 5.141282766679688e-11, 3.4085081728367217e-22, 6.944076465317264e-13, 6.944076468725772e-13, 3.755533589400822e-27, 1.670926121611142e-14, 1.6709261216115175e-14
1596.1999999999998, 0.0011367004051724, 0.0010356985065595676, 0.0021723989117319676, 0.0011364651338967007, 0.0009552926028397308, 0.0020917577367364315, 2.32253910335307e-7, 0.00007861275376223038, 0.00007884500767256569, 3.017176134138443e-9, 0.0000017021404608465364, 0.000001705157636980675, 1.875242796724197e-13, 8.953500815203647e-8, 8.953519567631615e-8, 1.7055573181459697e-15, 1.4251023655588952e-9, 1.4251040711162133e-9, 4.016895994805237e-20, 4.8712351417132726e-11, 4.871235145730168e-11, 3.0148877171258733e-22, 6.581048833196538e-13, 6.581048836211426e-13, 3.2208790633965852e-27, 1.5591954910676123e-14, 1.5591954910679344e-14
1608.3999999999999, 0.0011022151492642495, 0.0010261499777223459, 0.0021283651269865954, 0.0011019939876172494, 0.0009476381707666239, 0.0020496321583838733, 2.1832255868633875e-7, 0.0000767606060783208, 0.00007697892863700713, 2.8389156745182527e-9, 0.0000016636292472438986, 0.0000016664681629184168, 1.7108258529876894e-13, 8.615294802594794e-8, 8.615311910853324e-8, 1.5566989234352566e-15, 1.3718705806660275e-9, 1.371872137364951e-9, 3.5554316843732426e-20, 4.617285832877721e-11, 4.617285836433153e-11, 2.669214119990666e-22, 6.239549155279634e-13, 6.239549157948848e-13, 2.765577676109067e-27, 1.4557063470852358e-14, 1.4557063470855122e-14
1620.6, 0.0010690306907241785, 0.0010167857959858101, 0.0020858164867099886, 0.0010688226922724005, 0.0009401084498265096, 0.00200893114209891, 2.0532587788465807e-7, 0.00007496678570402265, 0.0000751721115819073, 2.6724162798531404e-9, 0.0000016262717407128546, 0.0000016289441569927079, 1.5619166885834599e-13, 8.29233182488186e-8, 8.292347444048746e-8, 1.4218125774611137e-15, 1.3210071081436641e-9, 1.3210085299562416e-9, 3.1498940489772996e-20, 4.378362644045308e-11, 4.3783626471952024e-11, 2.365347929863222e-22, 5.918151859789992e-13, 5.91815186215534e-13, 2.3773781758874332e-27, 1.3597947713035985e-14, 1.3597947713038363e-14
1632.8, 0.0010370884625288232, 0.0010076005211246651, 0.0020446889836534883, 0.0010368927509711867, 0.0009327003517164729, 0.0019695931026876595, 1.9319459155687832e-7, 0.00007322899172683432, 0.00007342218631839119, 2.5168220848879345e-9, 0.0000015900250331420246, 0.0000015925418552269126, 1.4269510373450732e-13, 7.983814914926555e-8, 7.983829184436928e-8, 1.2994962006893633e-15, 1.2723899249450377e-9, 1.2723912244412384e-9, 2.7931570221186047e-20, 4.1534721864457205e-11, 4.1534721892388775e-11, 2.097973579408025e-22, 5.615535493492093e-13, 5.615535495590066e-13, 2.0459928781563087e-27, 1.2708547772292628e-14, 1.2708547772294675e-14
1645, 0.001006332957762905, 0.0009985889273543122, 0.002004921885117217, 0.0010061487212466758, 0.0009254108910850822, 0.001931559612331758, 1.818650393502306e-7, 0.0000715450323399401, 0.00007172689737929033, 2.3713452372275147e-9, 0.0000015548481185527525, 0.00000155721946378998, 1.3045325248606265e-13, 7.688994458296626e-8, 7.689007503621875e-8, 1.1884973759754166e-15, 1.225904140675979e-9, 1.2259053291733548e-9, 2.4790462588991048e-20, 3.9416935464562474e-11, 3.9416935489352935e-11, 1.8624838307966928e-22, 5.330474417852458e-13, 5.330474419714942e-13, 1.762771559957803e-27, 1.1883328726095098e-14, 1.188332872609686e-14
1657.1999999999998, 0.000976711547853047, 0.0009897459928417107, 0.0019664575406947576, 0.0009765380337895047, 0.0009182371812162145, 0.0018947752150057192, 1.7127868306939007e-7, 0.00006991281879897158, 0.00007008409748204097, 2.2352600437286644e-9, 0.000001520701795371246, 0.0000015229370554149747, 1.193413579125513e-13, 7.407165045834982e-8, 7.407176979970773e-8, 1.087696429807291e-15, 1.1814415319523532e-9, 1.1814426196487831e-9, 2.2022062690394318e-20, 3.74217250848478e-11, 3.742172510686986e-11, 1.6548811187359945e-22, 5.061831222436463e-13, 5.061831224091345e-13, 1.5204313774808447e-27, 1.1117231676075344e-14, 1.1117231676076864e-14
1669.3999999999999, 0.0009481743128839492, 0.0009810668898245626, 0.0019292412027085118, 0.0009480108232164469, 0.000911176429930358, 0.001859187253146805, 1.613816595995987e-7, 0.00006833035976156618, 0.00006849174142116577, 2.107897658767333e-9, 0.0000014875485744018462, 0.0000014896564720606134, 1.0924786315428818e-13, 7.137662557376255e-8, 7.137673482162571e-8, 9.960915312764524e-16, 1.1389001102888864e-9, 1.1389011063804175e-9, 1.9579868935355484e-20, 3.554116276845718e-11, 3.554116278803705e-11, 1.471693220705604e-22, 4.808549788893976e-13, 4.808549790365669e-13, 1.312832870979623e-27, 1.0405629704847566e-14, 1.0405629704848878e-14
1681.6, 0.0009206738831091738, 0.0009725469752995838, 0.0018932208584087576, 0.0009205197699910589, 0.0009042259356919624, 0.0018247457056830214, 1.5212437586842855e-7, 0.00006679575598247366, 0.00006694788035834209, 1.9886412607461973e-9, 0.000001455352592129888, 0.000001457341233390634, 1.0007293193720981e-13, 6.87986145804197e-8, 6.879871465335164e-8, 9.127855557814643e-16, 1.0981837208866949e-9, 1.0981846336722507e-9, 1.7423461912068017e-20, 3.376788650264e-11, 3.376788652006346e-11, 1.309901089840099e-22, 4.56964894556643e-13, 4.569648946876331e-13, 1.1347939283489684e-27, 9.744288191060088e-15, 9.744288191061222e-15
1693.8, 0.0008941652908403626, 0.0009641817822391623, 0.0018583470730795248, 0.000894019952684515, 0.0008973830839078225, 0.0017914030365923375, 1.4346114161472812e-7, 0.00006530719533903938, 0.0000654506564806541, 1.8769216688532737e-9, 0.0000014240795290086175, 0.0000014259564506774707, 9.17271438927144e-14, 6.633172290163278e-8, 6.633181462877667e-8, 8.369744937212713e-16, 1.059201669903645e-9, 1.0592025068781387e-9, 1.5517672700658915e-20, 3.209505607225429e-11, 3.209505608777197e-11, 1.1668770254046257e-22, 4.34421665857651e-13, 4.344216659743387e-13, 9.819350684860707e-28, 9.12932902367561e-15, 9.129329023676591e-15
1706, 0.0008686058319633195, 0.0009559670113056699, 0.0018245728432689894, 0.0008684687098288837, 0.0008906453434093485, 0.0017591140532382322, 1.3534983618040049e-7, 0.00006386294816396276, 0.00006399829800014315, 1.7722133571000412e-9, 0.0000013936965324108785, 0.0000013954687457679786, 8.413034314133374e-14, 6.39703934534996e-8, 6.397047758384274e-8, 7.679372131126447e-16, 1.0218683779961898e-9, 1.021869145933403e-9, 1.3831869804573568e-20, 3.05163126452089e-11, 3.051631265904077e-11, 1.0403316401529958e-22, 4.1314047106128825e-13, 4.131404711653214e-13, 8.505505928668817e-28, 8.557198307816359e-15, 8.557198307817209e-15
1718.1999999999998, 0.0008439549363896087, 0.0009478985230280015, 0.0017918534594176102, 0.000843825510674913, 0.0008840102631051201, 0.0017278357737800332, 1.2775160595288688e-7, 0.00006246136286394248, 0.00006258911446989536, 1.6740308271326244e-9, 0.0000013641721439470013, 0.000001365846174774134, 7.721062123102504e-14, 6.170938502547259e-8, 6.170946223609382e-8, 7.050264098424139e-16, 9.86103058117291e-10, 9.861037631437007e-10, 1.2339347063940808e-20, 2.9025741750509234e-11, 2.902574176284858e-11, 9.282683223274164e-23, 3.930423823392318e-13, 3.9304238243205864e-13, 7.375011408120835e-28, 8.024637199696279e-15, 8.024637199697016e-15
1730.3999999999999, 0.0008201740468065198, 0.000939972330411727, 0.0017601463772182468, 0.000820051834220223, 0.0008774754687952147, 0.0016975273030154377, 1.2063058944036786e-7, 0.00006110086180451854, 0.00006122149239395891, 1.581925305275542e-9, 0.0000013354762308718833, 0.000001337058156177159, 7.090341791989529e-14, 5.954375219130896e-8, 5.9543823094726884e-8, 6.476606006663091e-16, 9.5182941570793e-10, 9.518300633685306e-10, 1.1016797694947026e-20, 2.7617839342172938e-11, 2.7617839353189737e-11, 8.28944090184788e-23, 3.740539183973345e-13, 3.740539184802289e-13, 6.401239727577155e-28, 7.528655547924324e-15, 7.528655547924964e-15
1742.6, 0.0007972265051371506, 0.0009321845919554363, 0.001729411097092587, 0.000797111055922403, 0.0008710386601384446, 0.0016681497160608476, 1.1395366726877143e-7, 0.00005977993744292307, 0.00005989389111019184, 1.4954817328148604e-9, 0.0000013075799213257433, 0.0000013090754030585583, 6.515072544818117e-14, 5.7468826631961654e-8, 5.74688917826871e-8, 5.953170326096641e-16, 9.189753695870075e-10, 9.189759649040401e-10, 9.843861840370395e-21, 2.6287480672302245e-11, 2.6287480682146108e-11, 7.408359052682592e-23, 3.561066338951278e-13, 3.561066339692114e-13, 5.561579613865245e-28, 7.0665080537918525e-15, 7.066508053792409e-15
1754.8, 0.0007750774461694028, 0.0009245316050471402, 0.001699609051216543, 0.0007749683415582434, 0.0008646976077635581, 0.0016396659493218015, 1.0769023468997158e-7, 0.00005849714869211488, 0.00005860483892680485, 1.4143160216709172e-9, 0.000001280455543166932, 0.0000012818698591886029, 5.990038377581983e-14, 5.548019976175057e-8, 5.548025966213435e-8, 5.475253984603424e-16, 8.874727919750096e-10, 8.874733395004081e-10, 8.802736925833576e-21, 2.502989172292164e-11, 2.5029891731724375e-11, 6.626116522835322e-23, 3.391367423998609e-13, 3.391367424661221e-13, 4.836807980299376e-28, 6.635672694357526e-15, 6.6356726943580095e-15
1767, 0.0007536936978530187, 0.0009170097997161603, 0.001670703497569179, 0.000753590547730435, 0.0008584501505156947, 0.0016120406982461297, 1.0181199442393286e-7, 0.000057251117500446755, 0.00005735292949487069, 1.3380725504306481e-9, 0.0000012540765661753783, 0.000001255414638725809, 5.510545583144908e-14, 5.3573706558369564e-8, 5.35737616638254e-8, 5.03862261982309e-16, 8.572572662211727e-10, 8.572577700834347e-10, 7.877841766322589e-21, 2.3840622970222835e-11, 2.3840622978100677e-11, 5.931051128145443e-23, 3.2308476992608215e-13, 3.230847699853927e-13, 4.210563599740689e-28, 6.2338311796830045e-15, 6.233831179683426e-15
1779.1999999999998, 0.0007330436878028086, 0.0009096157327204945, 0.0016426594205233031, 0.0007329461285618519, 0.0008522941928327573, 0.0015852403213946092, 9.629276789087842e-8, 0.00005604052563260078, 0.000056136818400491655, 1.2664218782208004e-9, 0.000001228417547418328, 0.0000012296839692965488, 5.072367322662208e-14, 5.174541050543959e-8, 5.174546122911282e-8, 4.639461085448049e-16, 8.28267860916342e-10, 8.282683248624505e-10, 7.055526686128237e-21, 2.2715525276228004e-11, 2.271552528328353e-11, 5.312943608586868e-23, 3.0789523639387974e-13, 3.078952364470092e-13, 3.668905394393265e-28, 5.858851240159688e-15, 5.858851240160055e-15
1791.3999999999999, 0.0007130973555806695, 0.0009023460819460487, 0.0016154434375267182, 0.0007130050481517878, 0.0008462277022417193, 0.0015592327503935071, 9.110832308104184e-8, 0.00005486411163843955, 0.000054955219961520594, 1.199058656151262e-9, 0.0000012034540795857603, 0.0000012046531382419115, 4.6716944078485346e-14, 4.9991589563896806e-8, 4.9991636280840886e-8, 4.2743294737104667e-16, 8.004469191775481e-10, 8.004473466104954e-10, 6.323823114366899e-21, 2.1650727722062103e-11, 2.1650727728385925e-11, 4.762830932274454e-23, 2.9351636258058596e-13, 2.9351636262821427e-13, 3.199941282812067e-28, 5.508770561407001e-15, 5.508770561407321e-15
1803.6, 0.0006938260703621157, 0.0008951976411019104, 0.001589023711464026, 0.0006937386984014549, 0.0008402487069716121, 0.001533987405373067, 8.623621749778784e-8, 0.00005372066799746436, 0.00005380690421496215, 1.1356997180571214e-9, 0.0000011791627421133707, 0.0000011802984418314278, 4.305091560399167e-14, 4.830872309521551e-8, 4.8308766146131114e-8, 3.9401240073877167e-16, 7.73739861996656e-10, 7.737402560090567e-10, 5.672227034683549e-21, 2.0642617214647955e-11, 2.064261722032018e-11, 4.272844798719949e-23, 2.7989980037568816e-13, 2.798998004184166e-13, 2.7935159402775208e-28, 5.181782203713841e-15, 5.1817822037141204e-15
1815.8, 0.000675202553621223, 0.0008881673146909463, 0.0015633698683121693, 0.0006751198218440786, 0.0008343552936741805, 0.0015094751155182592, 8.165565475225182e-8, 0.00005260903842741184, 0.00005269069408216409, 1.076082334077991e-9, 0.0000011555210549268789, 0.0000011565971372609568, 3.9694585084522774e-14, 4.66934796658993e-8, 4.669351936048439e-8, 3.6340422341425373e-16, 7.480950046222435e-10, 7.480953680264669e-10, 5.091511543700867e-21, 1.9687819713945306e-11, 1.968781971903682e-11, 3.836071800972312e-23, 2.6700038434093297e-13, 2.6700038437929367e-13, 2.440947810512677e-28, 4.876221359908569e-15, 4.876221359908813e-15
1828, 0.0006572008064964957, 0.0008812521132402776, 0.0015384529197367733, 0.000657122439143382, 0.0008285456052475818, 0.0014856680443909639, 7.734735354619465e-8, 0.000051528115346387585, 0.00005160546269993378, 1.019962612211272e-9, 0.000001132507434648441, 0.0000011335273972606524, 3.661995356704116e-14, 4.514270566815845e-8, 4.514274228811202e-8, 3.353552025323182e-16, 7.234633850331931e-10, 7.234637203883957e-10, 4.573564442234056e-21, 1.8783182942145215e-11, 1.878318294671878e-11, 3.4464322230790713e-23, 2.5477590276484075e-13, 2.5477590279930506e-13, 2.1348073350902106e-28, 4.5905533208652706e-15, 4.590553320865484e-15
1840.1999999999998, 0.0006397960415234239, 0.000874449148776442, 0.001514245190299866, 0.0006397217809473914, 0.0008228178387580133, 0.0014625396197054047, 7.329342788671103e-8, 0.00005047683747868254, 0.00005055013090656925, 9.671140344305855e-10, 0.0000011101011531211831, 0.0000011110682671556137, 3.3801717367047777e-14, 4.3653414697111954e-8, 4.365344849882932e-8, 3.096363941721417e-16, 6.997986036327766e-10, 6.997989132691708e-10, 4.1112473712321276e-21, 1.7925760448827956e-11, 1.7925760452939202e-11, 3.098574887851315e-23, 2.4318688656740643e-13, 2.431868865983922e-13, 1.8687297291834251e-28, 4.323362531431275e-15, 4.323362531431462e-15
1852.3999999999999, 0.0006229646184447304, 0.0008677556305308462, 0.0014907202489755765, 0.0006228942238095977, 0.000817170243454182, 0.0014400644672637798, 6.947727751437523e-8, 0.00004945418759513321, 0.000049523664872647586, 9.173261152406844e-10, 0.0000010882822981111483, 0.000001089199624226389, 3.121699302268865e-14, 4.222277762933345e-8, 4.222280884632647e-8, 2.860406581610047e-16, 6.77056673363744e-10, 6.770569594044022e-10, 3.6982735183075815e-21, 1.7112796917667523e-11, 1.7112796921365796e-11, 2.7877858423189034e-23, 2.321964145566163e-13, 2.3219641458449414e-13, 1.6372567401874426e-28, 4.073342631577883e-15, 4.073342631578047e-15
1864.6, 0.0006066839838276601, 0.0008611688608603888, 0.0014678528446880488, 0.000606617229907781, 0.0008116011188682257, 0.0014182183487760067, 6.588348759799024e-8, 0.000048459190379497416, 0.000048525073867095404, 8.704031717197251e-10, 0.0000010670317360625395, 0.0000010679021392342592, 2.8845071892196334e-14, 4.0848113352220456e-8, 4.0848142197292345e-8, 2.6438045724468703e-16, 6.551958794982736e-10, 6.551961438787309e-10, 3.3291013624037707e-21, 1.634171461037123e-11, 1.634171461370033e-11, 2.5099089850644622e-23, 2.217699336695213e-13, 2.2176993369462038e-13, 1.4357027496014126e-28, 3.839287388271553e-15, 3.839287388271696e-15
1876.8, 0.0005909326142396795, 0.0008546862313727674, 0.001445618845612447, 0.000590869290312706, 0.0008061088130006342, 0.0013969781033133402, 6.249773686674796e-8, 0.000047490910412963206, 0.00004755340814982996, 8.261631951279195e-10, 0.000001046331076783409, 0.000001047157239978537, 2.666720102549042e-14, 3.9526880097356354e-8, 3.952690676455738e-8, 2.444858907943635e-16, 6.341766484269837e-10, 6.341768929128744e-10, 2.998842239105751e-21, 1.5610100853237407e-11, 1.561010085623625e-11, 2.261277009753492e-23, 2.1187509296367811e-13, 2.1187509298629088e-13, 1.2600413517640841e-28, 3.620082433358746e-15, 3.6200824333588725e-15
1889, 0.0005756899627503722, 0.0008483052192443143, 0.0014239951819946864, 0.0005756298715752487, 0.0008006917205845317, 0.0013763215921597804, 5.93067134156702e-8, 0.00004654845026943723, 0.0000466077569828529, 7.844368151099892e-10, 0.000001026162639950924, 0.0000010269470767660339, 2.4666387352538822e-14, 3.8256667334833566e-8, 3.8256692001220916e-8, 2.262029367553222e-16, 6.139614248125575e-10, 6.139616510154943e-10, 2.7031798759813682e-21, 1.491569647991081e-11, 1.491569648261399e-11, 2.038651268779588e-23, 2.0248159022138604e-13, 2.0248159024177255e-13, 1.1068091691651925e-28, 3.4146977310860387e-15, 3.4146977310861495e-15
1901.1999999999998, 0.0005609364085437823, 0.0008420233837179644, 0.0014029597922617467, 0.0005608793654169039, 0.0007953482814239359, 0.0013562276468408398, 5.6298037493375464e-8, 0.0000456309487147424, 0.000045687246752235775, 7.45066348362542e-10, 0.0000010065094233325733, 0.0000010072544896809358, 2.2827222579027073e-14, 3.703518818885365e-8, 3.7035211016076234e-8, 2.0939187862931214e-16, 5.945145565225251e-10, 5.945147659144038e-10, 2.438300280194762e-21, 1.4256385151580673e-11, 1.4256385154018973e-11, 1.8391693574197853e-23, 1.9356103013608e-13, 1.935610301544717e-13, 9.730241978143788e-29, 3.222180706661911e-15, 3.2221807066620085e-15
1913.3999999999999, 0.0005466532094422707, 0.0008358383627716524, 0.0013824915722139232, 0.0005465990413253551, 0.0007900769788027956, 0.0013366760201281506, 5.3460190661617314e-8, 0.00004473757900336073, 0.00004479103919402235, 7.07904924390157e-10, 9.873550726221041e-7, 9.880629775464942e-7, 2.1135726480829135e-14, 3.586027233781022e-8, 3.5860293473536696e-8, 1.939258970000636e-16, 5.758021868077666e-10, 5.758023807336636e-10, 2.2008305843657586e-21, 1.36301834830047e-11, 1.363018348520553e-11, 1.66029938652699e-23, 1.8508679314126577e-13, 1.8508679315786875e-13, 8.561164144629256e-29, 3.041649974110485e-15, 3.0416499741105704e-15
1925.6, 0.0005328224571548373, 0.0008297478699494389, 0.0013625703271042762, 0.0005327710018686433, 0.0007848763379631482, 0.0013176473398317915, 5.078245075335221e-8, 0.00004386754726679738, 0.000043918329717550736, 6.728156816695449e-10, 9.686838528013408e-7, 9.693566684830103e-7, 1.9579206564082874e-14, 3.472985936508311e-8, 3.4729878944289675e-8, 1.7968980748973668e-16, 5.577921532257531e-10, 5.577923329155605e-10, 1.9877856633593543e-21, 1.3035231908821169e-11, 1.3035231910808955e-11, 1.4998000550526842e-23, 1.7703391402139168e-13, 1.7703391403638968e-13, 7.538687408012276e-29, 2.872289607745204e-15, 2.8722896077452794e-15
1937.8, 0.0005194270350775943, 0.0008237496913432068, 0.001343176726420801, 0.0005193781405561269, 0.0007797449246459429, 0.0012991230652020698, 4.825483212650512e-8, 0.00004302009098799, 0.00004306834582011651, 6.396710281504755e-10, 9.504806209397987e-7, 9.511202919679491e-7, 1.814613229252263e-14, 3.364199252917364e-8, 3.364201067530593e-8, 1.665789291260007e-16, 5.404538928454579e-10, 5.40454059424387e-10, 1.7965214971295965e-21, 1.2469786230332095e-11, 1.2469786232128617e-11, 1.355685756394751e-23, 1.6937896951770663e-13, 1.6937896953126347e-13, 6.643667670074887e-29, 2.713343907057485e-15, 2.7133439070575513e-15
1950, 0.0005064505784851934, 0.0008178416827192287, 0.0013242922612044222, 0.0005064041020855038, 0.0007746813436940641, 0.001281085445779568, 4.58680307486055e-8, 0.000042194477556629085, 0.000042240345587377693, 6.083519605834468e-10, 9.327308003522539e-7, 9.333391523128374e-7, 1.6826022290661776e-14, 3.259481292426498e-8, 3.2594829750287276e-8, 1.544980689383247e-16, 5.237583533103798e-10, 5.237585078084487e-10, 1.6246943846917194e-21, 1.1932209788231996e-11, 1.193220978985669e-11, 1.2261960577705778e-23, 1.6209997421405275e-13, 1.620999742263147e-13, 5.859558922370779e-29, 2.564112609802712e-15, 2.5641126098027707e-15
1962.1999999999998, 0.0004938774369636797, 0.0008120217667791043, 0.001305899203742784, 0.0004938332448267925, 0.0007696842377120253, 0.0012635174825388177, 4.36133736969054e-8, 0.000041390002900531596, 0.0000414336162742285, 5.787474376636078e-10, 9.154203560373725e-7, 9.159991034750361e-7, 1.560934311228925e-14, 3.158655400438657e-8, 3.158656961372968e-8, 1.4336061022058214e-16, 5.076779093615902e-10, 5.076780527222005e-10, 1.4702252514381905e-21, 1.1420966211302552e-11, 1.1420966212772777e-11, 1.1097689818621507e-23, 1.5517628404340996e-13, 1.5517628405450765e-13, 5.172047491409433e-29, 2.4239465123735473e-15, 2.423946512373599e-15
1974.3999999999999, 0.00048169263894497547, 0.0008062879305505732, 0.0012879805694955486, 0.00048165060540386167, 0.0007647522857823926, 0.0012464028911862543, 4.1482772690874974e-8, 0.000040605990188600515, 0.000040647472961291393, 5.50753802437769e-10, 8.98535771327246e-7, 8.990865251296837e-7, 1.4487418326095725e-14, 3.0615536446437674e-8, 3.0615550933856e-8, 1.33087693320269e-16, 4.921862844555065e-10, 4.921864175431999e-10, 1.3312683818718013e-21, 1.0934612695453285e-11, 1.0934612696784553e-11, 1.0050175974802129e-23, 1.4858850681673867e-13, 1.4858850682678884e-13, 4.568739606528323e-29, 2.292243460587911e-15, 2.2922434605879567e-15
1986.6, 0.0004698818582128371, 0.0008006382228993964, 0.0012705200811122335, 0.0004698418652437003, 0.0007598842022344643, 0.0012297260674781645, 3.9468681311073004e-8, 0.000039841788601137015, 0.000039881257282448086, 5.242742498311951e-10, 8.820640256813742e-7, 8.825882999312054e-7, 1.345234681384214e-14, 2.968016332912655e-8, 2.9680176781473363e-8, 1.2360747907250918e-16, 4.772584771360218e-10, 4.772586007435009e-10, 1.2061840101304946e-21, 1.0471793771315986e-11, 1.047179377252217e-11, 9.107094924328396e-24, 1.4231841922231797e-13, 1.4231841923142506e-13, 4.038894249706959e-29, 2.168444677498931e-15, 2.168444677498971e-15
1998.8, 0.000458431382259396, 0.000795070752154242, 0.001253502134413638, 0.00045839331897285483, 0.0007550787354611575, 0.0012134720544340124, 3.756405559385673e-8, 0.00003909677216356291, 0.000039134336219156766, 4.992183355193107e-10, 8.659925735613842e-7, 8.664917918969036e-7, 1.2496929294834264e-14, 2.877891560652177e-8, 2.8778928103451065e-8, 1.1485448610304952e-16, 4.6287069184589774e-10, 4.6287080670038384e-10, 1.0935142709000632e-21, 1.0031235522144441e-11, 1.0031235523237956e-11, 8.257487590379569e-24, 1.3634888979238393e-13, 1.3634888980064142e-13, 3.5731945074820255e-29, 2.0520313980603647e-15, 2.0520313980604006e-15
2011, 0.0004473280823792366, 0.0007895836838436882, 0.0012369117662229248, 0.00044729184454827604, 0.0007503346667869371, 0.0011976265113352131, 3.5762317716438736e-8, 0.00003837033863992243, 0.000038406100957638874, 4.755015227083547e-10, 8.503093243276331e-7, 8.507848258503414e-7, 1.1614602207711603e-14, 2.7910347856520174e-8, 2.791035947112238e-8, 1.0676899420253128e-16, 4.490002738840266e-10, 4.4900038065302077e-10, 9.919620822398623e-22, 9.611740216957278e-12, 9.61174021794924e-12, 7.491601719471484e-24, 1.3066380737462787e-13, 1.3066380738211947e-13, 3.1635516805458165e-29, 1.9425217833291038e-15, 1.9425217833291353e-15
2023.1999999999998, 0.0004365593853951652, 0.0007841752385332173, 0.0012207346239283825, 0.00043652487501699293, 0.0007456508093782314, 0.0011821756843952242, 3.405732250999325e-8, 0.000037661908482656613, 0.000037695965805166606, 4.530447636933194e-10, 8.35002623103278e-7, 8.354556678669714e-7, 1.0799378173049626e-14, 2.707308428596598e-8, 2.7073095085344152e-8, 9.929650683843132e-17, 4.3562564823826627e-10, 4.356257475347731e-10, 9.003725865972e-22, 9.212181326821954e-12, 9.212181327722327e-12, 6.800752804154283e-24, 1.2524801468577866e-13, 1.2524801469257942e-13, 2.8029373018171814e-29, 1.8394680894803133e-15, 1.8394680894803413e-15
2035.3999999999999, 0.00042611324691735857, 0.0007788436897608177, 0.0012049569366781763, 0.00042608037180654124, 0.0007410260071981992, 0.0011671063790047404, 3.2443326565843816e-8, 0.00003697092383547765, 0.00003700336716204349, 4.317741133352068e-10, 8.200612325533786e-7, 8.204930066667138e-7, 1.0045792344230507e-14, 2.626581497546729e-8, 2.6265825021259636e-8, 9.238726663473817e-17, 4.2272626203959085e-10, 4.227263544268575e-10, 8.1771683065998975e-22, 8.83149889478448e-12, 8.831498895602197e-12, 6.177201737265642e-24, 1.2008724655693863e-13, 1.2008724656311582e-13, 2.4852389458845955e-29, 1.742454069202437e-15, 1.7424540692024618e-15
2047.6, 0.00041597812604404294, 0.0007735873620663009, 0.0011895654881103439, 0.0004159467994545155, 0.0007364591340040395, 0.001152405933458555, 3.09149597207179e-8, 0.00003629684758631836, 0.000036327762546039075, 4.1162037185177973e-10, 8.054743155296342e-7, 8.058859359014859e-7, 9.348854040397796e-15, 2.5487292348141244e-8, 2.5487301696995283e-8, 8.59958183237752e-17, 4.1028253040530863e-10, 4.1028261640112693e-10, 7.430773970940654e-22, 8.468695232452711e-12, 8.46869523319579e-12, 5.6140471014363894e-24, 1.1516807251603615e-13, 1.1516807252165019e-13, 2.2051363582298057e-29, 1.6510925851813247e-15, 1.6510925851813468e-15
2059.8, 0.00040614296141768815, 0.0007684046291054405, 0.0011745475905231286, 0.0004061131016914254, 0.0007319490923808838, 0.0011380621940723092, 2.946719872413383e-8, 0.00003563916246749538, 0.00003566862966621951, 3.9251875454007113e-10, 7.91231418534946e-7, 7.916239372894861e-7, 8.704003105218273e-15, 2.4736327847674762e-8, 2.4736336551677868e-8, 8.008061427487759e-17, 3.9827578545082066e-10, 3.9827586553143493e-10, 6.75635751091105e-22, 8.122830918355381e-12, 8.122830919031016e-12, 5.105130269932243e-24, 1.104778433770088e-13, 1.1047784338211393e-13, 1.9579949257155743e-29, 1.5650234171976214e-15, 1.565023417197641e-15
2072, 0.0003965971485563254, 0.0007632939118498388, 0.0011598910604061641, 0.0003965686787966491, 0.000727494812815815, 0.001124063491612464, 2.8095342908387664e-8, 0.00003499737020049061, 0.000035025465543398994, 3.7440858625847497e-10, 7.773224559646857e-7, 7.776968645509442e-7, 8.107070513065899e-15, 2.4011788812135106e-8, 2.401179691920562e-8, 7.460365823247036e-17, 3.86688228268713e-10, 3.8668830287237125e-10, 6.146610838846226e-22, 7.793021075313089e-12, 7.79302107592775e-12, 4.644951731786117e-24, 1.0600464153638248e-13, 1.0600464154102743e-13, 1.7397739910905136e-29, 1.4839112461318863e-15, 1.4839112461319036e-15
2084.2, 0.00038733051838476726, 0.0007582536768652154, 0.0011455841952499827, 0.00038730336615242785, 0.0007230952528072942, 0.001110398618959722, 2.6794991696992072e-8, 0.00003437099068282838, 0.000034397785674525374, 3.572330186800396e-10, 7.637376950842092e-7, 7.640949281028892e-7, 7.554242781259085e-15, 2.331259553090183e-8, 2.331260308514461e-8, 6.953018336801946e-17, 3.755028836853966e-10, 3.7550295321558e-10, 5.595004722648249e-22, 7.478431905838747e-12, 7.478431906398248e-12, 4.2285972581340386e-24, 1.0173723469868397e-13, 1.0173723470291256e-13, 1.546947865788713e-29, 1.4074437996497666e-15, 1.407443799649782e-15
2096.3999999999996, 0.0003783333168959134, 0.0007532824346627375, 0.001131615751558651, 0.0003783074139262317, 0.0007187493960069894, 0.001097056809933221, 2.556202380626637e-8, 0.00003375956121472059, 0.000033785123238526855, 3.4093876849941487e-10, 7.504677417027301e-7, 7.508086804712295e-7, 7.04202980614111e-15, 2.2637718472943586e-8, 2.2637725514973393e-8, 6.482836116550237e-17, 3.647035576207981e-10, 3.647036224491593e-10, 5.095701886744324e-22, 7.178277466327466e-12, 7.178277466837036e-12, 3.8516727041634416e-24, 9.766503277742199e-14, 9.766503278127367e-14, 1.376437726727424e-29, 1.335330145776165e-15, 1.3353301457761789e-15
2108.6, 0.0003695961858757636, 0.0007483787381242265, 0.0011179749239999901, 0.00036957146781526235, 0.000714456251397051, 0.0010840277192123134, 2.439257799868366e-8, 0.00003316263576331598, 0.000033187028341314666, 3.2547587493144516e-10, 7.375035265092985e-7, 7.378290023842299e-7, 6.567235771422895e-15, 2.1986175675564106e-8, 2.1986182242799878e-8, 6.046903803208153e-17, 3.542747968859023e-10, 3.542748573549403e-10, 4.643480252096223e-22, 6.891816662264836e-12, 6.891816662729184e-12, 3.510246394307317e-24, 9.377804773551995e-14, 9.377804773903019e-14, 1.2255528387406406e-29, 1.267299121769599e-15, 1.2672991217696113e-15
2120.8, 0.00036111014463114646, 0.0007435411809931793, 0.0011046513256243258, 0.00036108655079221977, 0.0007102148524969004, 0.0010713014032891202, 2.3283035268306913e-8, 0.00003257978426247427, 0.00003260306729774258, 3.107974749786116e-10, 7.24836292034895e-7, 7.251470895098736e-7, 6.1269328248339304e-15, 2.1357030283407613e-8, 2.1357036410340438e-8, 5.642549685334504e-17, 3.4420185126583876e-10, 3.442019076913356e-10, 4.2336650654870685e-22, 6.61835044815187e-12, 6.618350448575236e-12, 3.2007981718783103e-24, 9.006685614958788e-14, 9.006685615278867e-14, 1.0919397891377294e-29, 1.2030978868732941e-15, 1.203097886873305e-15
2133, 0.00035286657266210683, 0.0007387683964298719, 0.0010916349690919787, 0.00035284404579439936, 0.0007060242565997572, 0.0010588683023941565, 2.2230002341239986e-8, 0.000032010591946140834, 0.00003203282194848208, 2.968595950729372e-10, 7.124575802096683e-7, 7.127544398047412e-7, 5.718437240347949e-15, 2.0749388228277173e-8, 2.0749393946714414e-8, 5.267324100611036e-17, 3.344706377485581e-10, 3.344706904217991e-10, 3.8620688368036964e-22, 6.35721921714806e-12, 6.357219217534267e-12, 2.920174310074748e-24, 8.6522564300247e-14, 8.652256430316717e-14, 9.735386015372917e-30, 1.1424905885506484e-15, 1.142490588550658e-15
2145.2, 0.0003448571932248586, 0.000734059055628778, 0.0010789162488536366, 0.0003448356793021258, 0.0007018835440389837, 0.0010467192233411095, 2.1230296386501985e-8, 0.00003145465871352566, 0.00003147588900991216, 2.836209578156345e-10, 7.003592204851742e-7, 7.006428414429899e-7, 5.33928782224198e-15, 2.0162396040959475e-8, 2.01624013802473e-8, 4.918979860166316e-17, 3.2506770676298757e-10, 3.2506775595278615e-10, 3.5249381778334673e-22, 6.107800366525705e-12, 6.1078003668781984e-12, 2.665547581670579e-24, 8.313677560264148e-14, 8.313677560530703e-14, 8.685447642350674e-30, 1.0852571326936822e-15, 1.085257132693691e-15
2157.3999999999996, 0.00033707405773529943, 0.0007294118664931364, 0.0010664859242284358, 0.00033705350575661674, 0.0006977918174808359, 0.0010348453232374526, 2.028093084698272e-8, 0.00003091159852436099, 0.00003093187945520797, 2.7104280264143403e-10, 6.885333184908354e-7, 6.888043612934768e-7, 4.98722632983398e-15, 1.959523878677048e-8, 1.9595243773996813e-8, 4.5954544963585504e-17, 3.1598021030523857e-10, 3.1598025625978354e-10, 3.218906681767568e-22, 5.86950602621042e-12, 5.869506026532311e-12, 2.4343818726142287e-24, 7.990156021017207e-14, 7.990156021260646e-14, 7.753763515552116e-30, 1.0311920491939718e-15, 1.0311920491939795e-15
2169.6, 0.0003295095309646123, 0.0007248255723642544, 0.0010543351033288667, 0.0003294898927688944, 0.0006937482012428408, 0.0010232380940117351, 1.9379102295449338e-8, 0.000030381038822641495, 0.000030400417924936944, 2.590887193346787e-10, 6.769722452007733e-7, 6.77231333920108e-7, 4.660179719873676e-15, 1.904713811725171e-8, 1.904714277743143e-8, 4.29485415525436e-17, 3.071958718373557e-10, 3.0719591478589726e-10, 2.940953154098895e-22, 5.641780938637074e-12, 5.641780938931169e-12, 2.2244008006671777e-24, 7.680942663412159e-14, 7.680942663634599e-14, 6.926455251878013e-30, 9.801034449820454e-16, 9.801034449820523e-16
2181.7999999999997, 0.0003221562769831556, 0.0007202989508050909, 0.0010424552277882465, 0.0003221375070760243, 0.0006897518406388723, 0.0010118893477148966, 1.852217824145533e-8, 0.00002986261998735003, 0.000029881142165591484, 2.477244934094653e-10, 6.656686265829915e-7, 6.65916351076401e-7, 4.356244031206835e-15, 1.8517350430793415e-8, 1.8517354787037445e-8, 4.015438973277386e-17, 2.987029578503571e-10, 2.9870299800474683e-10, 2.6883645472521453e-22, 5.424100479047173e-12, 5.424100479316009e-12, 2.033559866854704e-24, 7.385329523569187e-14, 7.385329523772543e-14, 6.1913382001635345e-30, 9.31812037354931e-16, 9.31812037354937e-16
2194, 0.0003150072458107067, 0.0007158308124320213, 0.001030838058242728, 0.00031498930120281844, 0.0006858019013463051, 0.0010007912025491235, 1.7707685814651e-8, 0.000029355994808730055, 0.000029373702494544704, 2.3691796244889163e-10, 6.546153337071864e-7, 6.548522516696353e-7, 4.073669752849887e-15, 1.800516513552628e-8, 1.800516920919603e-8, 3.7556097940219163e-17, 2.9049025099012493e-10, 2.904902885462229e-10, 2.458703053733048e-22, 5.21596880619073e-12, 5.2159688064366e-12, 1.8600217252599598e-24, 7.102647345679376e-14, 7.102647345865378e-14, 5.537706900147588e-30, 8.861502610231783e-16, 8.861502610231838e-16
2206.2, 0.00030805566073328233, 0.000711419999795432, 0.0010194756605287143, 0.0003080385007893006, 0.0006818975687972324, 0.000989936069586533, 1.6933301253215735e-8, 0.000028860827988783234, 0.00002887776129003645, 2.26638882572342e-10, 6.438054732901655e-7, 6.440321121727378e-7, 3.810848530095878e-15, 1.7509903008304885e-8, 1.7509906819153416e-8, 3.5138960959205525e-17, 2.825470246539945e-10, 2.8254705979295546e-10, 2.249776866974977e-22, 5.016917134207501e-12, 5.016917134432479e-12, 1.7021342073427962e-24, 6.83226326674175e-14, 6.832263266911963e-14, 4.956148674911466e-30, 8.429614428953587e-16, 8.429614428953636e-16
2218.4, 0.0003012950062504629, 0.0007070653863052181, 0.001008360392555681, 0.00030127859254791783, 0.0006780380475911253, 0.0009793166401390432, 1.6196840141551998e-8, 0.000028376795664725455, 0.000028392992504867007, 2.1685880426383835e-10, 6.33232378654633e-7, 6.334492374588968e-7, 3.566301078527561e-15, 1.703091464388623e-8, 1.703091821018731e-8, 3.288945014508951e-17, 2.748630189680655e-10, 2.7486305185751566e-10, 2.059614192968606e-22, 4.826502117093551e-12, 4.826502117299513e-12, 1.5584107810608889e-24, 6.573578651494744e-14, 6.573578651650585e-14, 4.4383815992500275e-30, 8.020990391112756e-16, 8.020990391112801e-16
2230.6, 0.000294719016617981, 0.0007027658751998062, 0.0009974848918177872, 0.00029470331281531895, 0.0006742225609287584, 0.0009689258737440775, 1.5496248335770122e-8, 0.000027903584954219842, 0.000027919081202555613, 2.0755095686072597e-10, 6.228896010831016e-7, 6.230971520399623e-7, 3.3386661933423715e-15, 1.6567578988936358e-8, 1.656758232760255e-8, 3.0795113547454836e-17, 2.674284180648333e-10, 2.6742844885994685e-10, 1.8864401203757513e-22, 4.644304337878809e-12, 4.644304338067453e-12, 1.4275131637094768e-24, 6.326027067176116e-14, 6.326027067318867e-14, 3.9771134860132396e-30, 7.634259293356901e-16, 7.63425929335694e-16
2242.7999999999997, 0.00028832166495327074, 0.0006985203985558423, 0.000986842063509113, 0.00028830663666644743, 0.0006704503500656975, 0.000958756986732145, 1.4829593526717149e-8, 0.000027440893521260187, 0.000027455723114786905, 1.9869014105469945e-10, 6.12770901546782e-7, 6.129695916878367e-7, 3.126690747771401e-15, 1.611930195575766e-8, 1.611930508244841e-8, 2.8844484993784944e-17, 2.6023382858309187e-10, 2.602338574275769e-10, 1.7286560362900665e-22, 4.469926895183813e-12, 4.469926895356678e-12, 1.3082358410734812e-24, 6.089072388255304e-14, 6.089072388386127e-14, 3.565919111265303e-30, 7.268137637174538e-16, 7.268137637174573e-16
2255, 0.0002820971528734776, 0.000694327916338311, 0.0009764250692117886, 0.00028208276756049933, 0.0006667206737861701, 0.0009488034413466694, 1.4195057393204082e-8, 0.00002698842916166301, 0.000027002624219056215, 1.9025262880955219e-10, 6.028702427909144e-7, 6.030604954197239e-7, 2.929220586463694e-15, 1.568551511097768e-8, 1.568551804019827e-8, 2.70270012865862e-17, 2.5327025931741424e-10, 2.5327028634441554e-10, 1.58482129061702e-22, 4.3029940803746985e-12, 4.30299408053318e-12, 1.1994922750845e-24, 5.862207022193377e-14, 5.862207022313327e-14, 3.1991332066945366e-30, 6.921423583297382e-16, 6.921423583297414e-16
2267.2, 0.00027603990063666047, 0.0006901874154869002, 0.0009662273161235607, 0.000276026127489522, 0.0006630328078941748, 0.0009390589353836968, 1.3590928297830718e-8, 0.00002654590940716034, 0.00002655950033545817, 1.8221607014872435e-10, 5.93181781761025e-7, 5.933639978311737e-7, 2.7451922301190627e-15, 1.526567443481331e-8, 1.526567718000554e-8, 2.533292675182098e-17, 2.465291019527654e-10, 2.4652912728569215e-10, 1.4536368494688788e-22, 4.143150139108627e-12, 4.143150139253991e-12, 1.1003026080911175e-24, 5.644950247950026e-14, 5.6449502480600566e-14, 2.8717571572172517e-30, 6.592991352609874e-16, 6.592991352609902e-16
2279.4, 0.00027014453775993337, 0.000686097909038939, 0.0009562424467988725, 0.00027013134760343915, 0.0006593860447231043, 0.0009295173923265435, 1.3015594490624964e-8, 0.000026113061147161884, 0.00002612607674165251, 1.7455940630571905e-10, 5.836998623509043e-7, 5.838744217572101e-7, 2.5736253150833653e-15, 1.4859259146668846e-8, 1.4859261720294162e-8, 2.375328445070002e-17, 2.4000211281783386e-10, 2.400021365711183e-10, 1.3339307166139402e-22, 3.990058111410757e-12, 3.9900581115441506e-12, 1.0097826944498368e-24, 5.4368466594528497e-14, 5.4368466595538276e-14, 2.5793775621434965e-30, 6.281786038339866e-16, 6.281786038339892e-16
2291.6, 0.0002644058940883606, 0.0006820584352869687, 0.0009464643293753293, 0.00026439325928535786, 0.0006557796926628369, 0.0009201729519481948, 1.2467537778107798e-8, 0.00002568962026730406, 0.000025702087805082167, 1.6726278877375912e-10, 5.744190084593311e-7, 5.745862712481049e-7, 2.4136157000749654e-15, 1.446577059325045e-8, 1.4465773006866149e-8, 2.2279793435283457e-17, 2.336813955999072e-10, 2.3368141787970063e-10, 1.2246449211605076e-22, 3.843398744946216e-12, 3.843398745068681e-12, 9.271343101170034e-25, 5.23746470692534e-14, 5.2374647070180535e-14, 2.3180950931395273e-30, 5.986818797372995e-16, 5.986818797373019e-16
2303.7999999999997, 0.0002588189912907427, 0.0006780680569668887, 0.0009368870482576314, 0.0002588068856533293, 0.0006522130757011282, 0.0009110199613544575, 1.194532762430624e-8, 0.00002527533130392832, 0.000025287276631552626, 1.6030750382453976e-10, 5.653339173404807e-7, 5.654942248443052e-7, 2.2643291757174887e-15, 1.4084731195541899e-8, 1.4084733459871074e-8, 2.0904811488718423e-17, 2.2755938496481935e-10, 2.2755940586963085e-10, 1.1248239047631453e-22, 3.702869476492118e-12, 3.7028694766046e-12, 8.516364083794533e-25, 5.0463953293633796e-14, 5.046395329448543e-14, 2.0844623453195545e-30, 5.707162391071213e-16, 5.707162391071234e-16
2316, 0.0002533790347601811, 0.0006741258604801678, 0.000927504895240349, 0.0002533674334664792, 0.0006486855329835516, 0.0009020529664500308, 1.1447615655208715e-8, 0.000024869947113734755, 0.000024881394729389963, 1.5367590210016054e-10, 5.564394532324713e-7, 5.565931291345715e-7, 2.124995724619053e-15, 1.371568345118478e-8, 1.3715685576180505e-8, 1.9621282844611618e-17, 2.2162883103201964e-10, 2.2162885065330248e-10, 1.0336041317624152e-22, 3.56818347702498e-12, 3.5681834771283404e-12, 7.826373052406102e-25, 4.8632506722021554e-14, 4.863250672280419e-14, 1.875429446428475e-30, 5.441947048717198e-16, 5.441947048717217e-16
2328.2, 0.0002480814058973352, 0.000670230955143326, 0.0009183123610406612, 0.000248070285413457, 0.0006451964183860025, 0.0008932667037994596, 1.0973130531973317e-8, 0.00002447322855782502, 0.000024484201688356996, 1.4735133291379827e-10, 5.477306412537662e-7, 5.478779925866801e-7, 1.9949042786589824e-15, 1.3358188989146016e-8, 1.3358190984050294e-8, 1.8422690429930612e-17, 2.1588278465229226e-10, 2.1588280307498269e-10, 9.502048143805845e-23, 3.4390687560836055e-12, 3.439068756178626e-12, 7.1954769138242875e-25, 4.687662884193456e-14, 4.6876628842654106e-14, 1.688296464767042e-30, 5.190356628408859e-16, 5.190356628408875e-16
2340.4, 0.00024292165475723362, 0.0006663824724671341, 0.0009093041272243676, 0.00024291099276408786, 0.0006417451001029095, 0.0008846560928669973, 1.0520673172119876e-8, 0.000024084944199454444, 0.000024095464872626564, 1.4131808292011712e-10, 5.392026615516842e-7, 5.393439796346043e-7, 1.8733979286247196e-15, 1.301182767358357e-8, 1.3011829546981498e-8, 1.7303012218931314e-17, 2.103145834477023e-10, 2.103146007507145e-10, 8.739196033037135e-23, 3.3152673215201464e-12, 3.3152673216075384e-12, 6.618343796545723e-25, 4.5192829884905e-14, 4.5192829885566836e-14, 1.5206717234929976e-30, 4.951625052906061e-16, 4.951625052906076e-16
2352.6, 0.0002378954930399265, 0.0006625795654631209, 0.0009004750585030474, 0.00023788526836454317, 0.000638330960249427, 0.0008762162286139702, 1.0089112288338194e-8, 0.00002370487001481661, 0.000023714959127104948, 1.355613188458691e-10, 5.308508436941443e-7, 5.309864050129902e-7, 1.7598695462253659e-15, 1.2676196754181962e-8, 1.2676198514051508e-8, 1.6256681325244577e-17, 2.0491783856595383e-10, 2.0491785482263514e-10, 8.041091559033738e-23, 3.19653439087107e-12, 3.196534390951481e-12, 6.090147073249457e-25, 4.357779822808099e-14, 4.357779822869e-14, 1.3704352561659285e-30, 4.725032999210932e-16, 4.725032999210946e-16
2364.7999999999997, 0.00023299878740759827, 0.0006588214079748076, 0.0008918201953824058, 0.0002329889799586702, 0.0006349533944756851, 0.0008679423744343554, 9.677380225016877e-9, 0.00002333278911622548, 0.0000233424664964505, 1.3006703399142726e-10, 5.226706612918058e-7, 5.228007283257972e-7, 1.6537577795651782e-15, 1.2350910060282142e-8, 1.2350911714039923e-8, 1.5278549494966282e-17, 1.9968642211139179e-10, 1.9968643738994128e-10, 7.40194479321809e-23, 3.0826376509698843e-12, 3.0826376510439037e-12, 5.606515216515079e-25, 4.202839044181857e-14, 4.202839044237922e-14, 1.2357067566396845e-30, 4.509904822721378e-16, 4.509904822721391e-16
2377, 0.00022822755311130557, 0.0006551071940359875, 0.0008833347471472931, 0.00022821814381866735, 0.0006316118115960126, 0.00085982995541468, 9.284469071057464e-9, 0.00002296849148710934, 0.000022977775956180397, 1.248219982377362e-10, 5.146577268400656e-7, 5.147825488383033e-7, 1.5545433901966847e-15, 1.2035597236326738e-8, 1.2035598790870129e-8, 1.4363853695331662e-17, 1.9461445521489848e-10, 1.9461446957875217e-10, 6.816509625414162e-23, 2.9733565626148846e-12, 2.97335656268305e-12, 5.1634868540900615e-25, 4.054162194089283e-14, 4.054162194140918e-14, 1.1148174451484628e-30, 4.3056056982315517e-16, 4.305605698231563e-16
2389.2, 0.0002235779479112915, 0.0006514361372498963, 0.0008750140851611878, 0.0002235689186690767, 0.0006283056332275699, 0.0008518745518966466, 8.909427028219175e-9, 0.00002261177372822927, 0.00002262068315525749, 1.1981371131225127e-10, 5.068077867714923e-7, 5.069276004828045e-7, 1.4617458988056006e-15, 1.1729903016322074e-8, 1.1729904478067972e-8, 1.3508185522503657e-17, 1.8969629670649117e-10, 1.896963102146767e-10, 6.280030268861605e-23, 2.868481707330603e-12, 2.8684817073934034e-12, 4.757470461670475e-25, 3.911465819964551e-14, 3.9114658200121255e-14, 1.0062853632726028e-30, 4.111538961470508e-16, 4.111538961470518e-16
2401.4, 0.00021904626627605096, 0.0006478074701943387, 0.0008668537364703897, 0.00021903759988928633, 0.0006250342934439891, 0.0008440718933332754, 8.551355017882375e-9, 0.000022262438814617206, 0.00002227099016963509, 1.1503035908653656e-10, 4.991167167085438e-7, 4.992317470676303e-7, 1.3749205141899984e-15, 1.1433486535126557e-8, 1.1433487910047072e-8, 1.270746317778392e-17, 1.8492653235777636e-10, 1.8492654506523954e-10, 5.788193246904992e-23, 2.7678141734815764e-12, 2.7678141735394584e-12, 4.385208194315688e-25, 3.7744806494624116e-14, 3.7744806495062634e-14, 9.087936493514707e-31, 3.927143636191261e-16, 3.9271436361912697e-16
2413.6, 0.00021462893384592235, 0.0006442204438459974, 0.0008588493776919198, 0.00021462061398033514, 0.0006217972384377823, 0.0008364178524181174, 8.209403508894057e-9, 0.000021920295862693926, 0.00002192850526620282, 1.1046077269475377e-10, 4.915805169078361e-7, 4.916909776805308e-7, 1.2936553196271745e-15, 1.114602067451447e-8, 1.114602196816979e-8, 1.1957905785098187e-17, 1.802999646621168e-10, 1.8029997662002259e-10, 5.337084307868482e-23, 2.6711649791687138e-12, 2.6711649792220847e-12, 4.0437434135692526e-25, 3.6429508140190146e-14, 3.642950814059452e-14, 8.211714453382584e-31, 3.7518921329742116e-16, 3.75189213297422e-16
2425.7999999999997, 0.000210322502148002, 0.000640674327026899, 0.000850996829174901, 0.00021031451328283092, 0.0006185939261949734, 0.0008289084394778044, 7.882769551977948e-9, 0.000021585159907109663, 0.00002159304267666164, 1.0609439027743946e-10, 4.841953078867333e-7, 4.843014022770107e-7, 1.2175686931261187e-15, 1.0867191442092456e-8, 1.0867192659661149e-8, 1.1256009843729556e-17, 1.7581160312429693e-10, 1.7581161438030678e-10, 4.923149718662842e-23, 2.5783545295544565e-12, 2.578354529603688e-12, 3.7303915165548037e-25, 3.516633118576261e-14, 3.5166331186135644e-14, 7.4237708401396416e-31, 3.5852881070658276e-16, 3.585288107065835e-16
2438, 0.0002061236435494743, 0.0006371684058705772, 0.0008432920494200514, 0.00020611597093309167, 0.000615423826179962, 0.0008215397971130538, 7.570694004532557e-9, 0.000021256851686841614, 0.000021264422380846148, 1.0192122117086483e-10, 4.769573262251719e-7, 4.770592474463428e-7, 1.1463069426759257e-15, 1.0596697381273354e-8, 1.0596698527580296e-8, 1.0598527629072718e-17, 1.7145665503042645e-10, 1.7145666562895407e-10, 4.543161476421907e-23, 2.4892121063754413e-12, 2.489212106420873e-12, 3.442713717045414e-25, 3.395296354495154e-14, 3.395296354529581e-14, 6.714832856841734e-31, 3.4268644635174013e-16, 3.426864463517408e-16
2450.2, 0.0002020291464378023, 0.0006337019833081541, 0.0008357311297459563, 0.00020202177604596554, 0.0006122864190312746, 0.0008143081950772402, 7.272458934836943e-9, 0.000020935197440124368, 0.000020942469899059205, 9.793181237330637e-11, 4.698629205335318e-7, 4.6996085234590515e-7, 1.0795421357606195e-15, 1.03342490105864e-8, 1.0334250090128536e-8, 9.982447371865118e-18, 1.6723051667361413e-10, 1.672305266560615e-10, 4.1941860369996903e-23, 2.4035753876113975e-12, 2.4035753876533393e-12, 3.1784934670368895e-25, 3.2787206528965887e-14, 3.2787206529283734e-14, 6.0766411370683015e-31, 3.2761814988204905e-16, 3.2761814988204964e-16
2462.3999999999996, 0.00019803591061623614, 0.000630274378571007, 0.0008283102891872431, 0.00019802882911280098, 0.000609181196265311, 0.0008072100253781119, 6.98738519166883e-9, 0.000020620028707786164, 0.000020627016092977832, 9.411721713393868e-11, 4.6290854758018017e-7, 4.630026647973141e-7, 1.0169701077500652e-15, 1.007956829073872e-8, 1.0079569307708829e-8, 9.404975061361885e-18, 1.6312876500962741e-10, 1.6312877441460248e-10, 3.8735561723083503e-23, 2.321289995368342e-12, 2.3212899954070777e-12, 2.9357152416136764e-25, 3.166696875884618e-14, 3.166696875913975e-14, 5.501834721237106e-31, 3.1328251690926933e-16, 3.1328251690926987e-16
2474.6, 0.00019414094290411048, 0.0006268849267123403, 0.0008210258696164508, 0.00019413413760404914, 0.0006061076599907752, 0.0008002417975948243, 6.7148301287085444e-9, 0.000020311182144623663, 0.000020317896974752373, 9.04689655200303e-11, 4.560907685711771e-7, 4.5618123753669716e-7, 9.583086331372622e-16, 9.832388117922186e-9, 9.83238907623082e-9, 8.863517732360011e-18, 1.5914714971986604e-10, 1.5914715858338377e-10, 3.5788456406028357e-23, 2.242209070198003e-12, 2.2422090702337916e-12, 2.712545440110267e-25, 3.059026043244812e-14, 3.059026043271937e-14, 4.983849568601569e-31, 2.9964054756158206e-16, 2.9964054756158255e-16
2486.7999999999997, 0.00019034135293171262, 0.0006235329781461045, 0.0008138743310778171, 0.00019033481176629176, 0.0006030653226326208, 0.0007934001343989126, 6.454185472390064e-9, 0.000020008499338442016, 0.000020014953523914407, 8.697903682907533e-11, 4.494062455759525e-7, 4.4949322461278157e-7, 9.032957454904424e-16, 9.592451841954926e-9, 9.592452745250672e-9, 8.355668108603403e-18, 1.5528158566013067e-10, 1.5528159401579877e-10, 3.307846377813126e-23, 2.1661928701885066e-12, 2.166192870221585e-12, 2.5073151834562465e-25, 2.9555187923905894e-14, 2.9555187924156626e-14, 4.516828945406446e-31, 2.866554959244387e-16, 2.8665549592443916e-16
2499, 0.00018663434912057528, 0.0006202178982002281, 0.0008068522473208034, 0.00018662806060455636, 0.0006000537066628451, 0.0007866817672674014, 6.204875325628164e-9, 0.000019711826636392402, 0.00001971803151171803, 8.363983372139073e-11, 4.428517380911243e-7, 4.429353779248457e-7, 8.516881934359068e-16, 9.359512807895332e-9, 9.359513659583526e-9, 7.879190486462274e-18, 1.5152814567393036e-10, 1.5152815355312084e-10, 3.058547942452812e-23, 2.093108393261935e-12, 2.0931083932925205e-12, 2.318504811439352e-25, 2.8559948694796465e-14, 2.8559948695028315e-14, 4.095544276940319e-31, 2.742927295856993e-16, 2.742927295856997e-16
2511.2, 0.00018301723483951814, 0.0006169390666873584, 0.0007999563015268765, 0.00018301118804025493, 0.000597072344341645, 0.0007800835323818998, 5.9663542945903016e-9, 0.00001942101497830336, 0.00001942698133259795, 8.044415795906391e-11, 4.3642409973886147e-7, 4.365045438968205e-7, 8.032600209330045e-16, 9.133333919928313e-9, 9.133334723188335e-9, 7.432007753465294e-18, 1.478830537522651e-10, 1.4788306118427285e-10, 2.8291189834517335e-23, 2.022829021247005e-12, 2.022829021275296e-12, 2.1447299047411406e-25, 2.7602826497762474e-14, 2.7602826497976947e-14, 3.7153251717792024e-31, 2.62519598563672e-16, 2.625195985636724e-16
2523.3999999999996, 0.0001794874047286246, 0.0006136958774894423, 0.0007931832822180669, 0.00017948158923693789, 0.0005941207774656055, 0.0007736023667025434, 5.738105734253105e-9, 0.00001913591973666982, 0.00001914165784240407, 7.738518764354915e-11, 4.301202750912624e-7, 4.3019766027890594e-7, 7.578012619789104e-16, 8.913687226281312e-9, 8.913687984082574e-9, 7.012189445414076e-18, 1.4434267852038403e-10, 1.4434268553257347e-10, 2.6178905237905355e-23, 1.9552341843561627e-12, 1.9552341843823417e-12, 1.9847286753275229e-25, 2.6682186854194763e-14, 2.6682186854393238e-14, 3.3719975190263835e-31, 2.5130531294646465e-16, 2.51305312946465e-16
2535.6, 0.00017604234118247345, 0.0006104877381561723, 0.0007865300793386458, 0.0001760367470851943, 0.0005911985571232512, 0.0007672353042084456, 5.519640101572117e-9, 0.00001885640056300324, 0.000018861920203104814, 7.445645585310307e-11, 4.239372966174949e-7, 4.2401175307334803e-7, 7.151167388019594e-16, 8.700353524103173e-9, 8.700354239219912e-9, 6.61794075460247e-18, 1.4090352703509156e-10, 1.409035336530323e-10, 2.4233408771502966e-23, 1.8902090448153314e-12, 1.890209044839565e-12, 1.8373505855813192e-25, 2.5796472789339266e-14, 2.5796472789523e-14, 3.061828724353824e-31, 2.4062082862806695e-16, 2.4062082862806725e-16
2547.7999999999997, 0.00017267961098526983, 0.0006073140695186379, 0.0007799936805039078, 0.00017267422883934729, 0.0005883052434595739, 0.0007609794722989212, 5.310493410700946e-9, 0.000018582321240272917, 0.000018587631733683618, 7.165183058780243e-11, 4.178722817473343e-7, 4.179439335779221e-7, 6.750249561676337e-16, 8.49312198323243e-9, 8.493122658257386e-9, 6.247592409281654e-18, 1.3756223887581697e-10, 1.375622451234094e-10, 2.244082034721743e-23, 1.827644198459114e-12, 1.827644198481555e-12, 1.701546071254866e-25, 2.4944200808689016e-14, 2.494420080885917e-14, 2.7814792067458164e-31, 2.304387405662376e-16, 2.304387405662379e-16
2560, 0.00016939686209071708, 0.0006041743053147945, 0.0007735711674055116, 0.00016939168289879382, 0.0005854404054464512, 0.000754832088345245, 5.110225784070404e-9, 0.00001831354954114651, 0.000018318659766930582, 6.896549593596316e-11, 4.1192243004568125e-7, 4.119913955416172e-7, 6.373570829204423e-16, 8.291789787859037e-9, 8.29179042521612e-9, 5.899591351575572e-18, 1.3431558051536962e-10, 1.3431558641496098e-10, 2.0788473492951692e-23, 1.7674353932067043e-12, 1.7674353932274928e-12, 1.576357256685701e-25, 2.4123957101590713e-14, 2.412395710174835e-14, 2.527959400732769e-31, 2.2073318304031663e-16, 2.2073318304031687e-16
