# # You can open and plot this file using Python
# # (without manually removing this header, it will be skipped), see example below.
# import numpy as np
# from matplotlib import pyplot as plt
# data = np.genfromtxt('scattnlay-spectra.txt', skip_header=21, names=True, delimiter=', ')
# x = data[data.dtype.names[0]] # x-axis has units
# # Possible labels for spectrum data: Qsca, Qabs, Qext,
# # Qsca_E_dipole, etc. (see last comment before spectra data)
# a = data['Qsca']
# b = data['Qsca_E_dipole']
# c = data['Qsca_H_dipole']
# 
# plt.figure()
# plt.plot(x, a, label='Qsca')
# plt.plot(x, b, label='Qsca E dipole')
# plt.plot(x, c, label='Qsca H dipole')
# plt.legend()
# plt.xlabel(data.dtype.names[0].replace('_', ', '))
# plt.ylabel('Normalized cross-sections')
# plt.show()

# Wavelength [nm], Qsca, Qabs, Qext, Qsca_E_dipole, Qabs_E_dipole, Qext_E_dipole, Qsca_H_dipole, Qabs_H_dipole, Qext_H_dipole, Qsca_E_quadrupole, Qabs_E_quadrupole, Qext_E_quadrupole, Qsca_H_quadrupole, Qabs_H_quadrupole, Qext_H_quadrupole, Qsca_E_octupole, Qabs_E_octupole, Qext_E_octupole, Qsca_H_octupole, Qabs_H_octupole, Qext_H_octupole, Qsca_E_16, Qabs_E_16, Qext_E_16, Qsca_H_16, Qabs_H_16, Qext_H_16
120, 1.643329969858603, 4.440892098500626e-16, 1.6433299698586035, 0.5604352558676604, 0, 0.5604352558676604, 0.8543280034877347, 2.220446049250313e-16, 0.854328003487735, 0.1936110096452871, 8.326672684688674e-17, 0.19361100964528719, 0.030945549149199107, 0, 0.030945549149199107, 0.0038281251207214297, 4.7704895589362195e-18, 0.0038281251207214345, 0.00015929364724216903, 8.402566836762659e-19, 0.00015929364724216987, 0.000022291207725671673, 3.3881317890172014e-20, 0.000022291207725671707, 3.8711678743652206e-7, 5.135137242729196e-21, 3.871167874365272e-7
132.2, 1.291239326079008, 0, 1.291239326079008, 0.5731992823629942, 0, 0.5731992823629942, 0.6025121081254915, 0, 0.6025121081254915, 0.10482869886300872, -1.3877787807814457e-17, 0.1048286988630087, 0.009335204601137218, 0, 0.009335204601137218, 0.0013229464515018253, 1.5178830414797062e-18, 0.0013229464515018268, 0.00003573099092504599, 2.168404344971009e-19, 0.000035730990925046206, 0.000005285729341199446, -1.3552527156068805e-20, 0.000005285729341199433, 6.024431793254982e-8, -1.2440796412797536e-21, 6.024431793254858e-8
144.4, 0.9740333780433986, -4.440892098500626e-16, 0.9740333780433982, 0.5660082103475305, -2.220446049250313e-16, 0.5660082103475302, 0.3472178155392229, -1.1102230246251565e-16, 0.34721781553922276, 0.057094310249734874, -4.163336342344337e-17, 0.05709431024973483, 0.0032052944367882987, -8.673617379884035e-18, 0.00320529443678829, 0.0004971926683451881, -4.0115480381963664e-18, 0.0004971926683451841, 0.00000913949040190944, -4.861969117239684e-19, 0.000009139490401908953, 0.0000014027550965419115, 1.1011428314305904e-20, 0.0000014027550965419225, 1.0945790083686058e-8, 4.896909226313924e-22, 1.0945790083686548e-8
156.6, 0.756786284533325, -1.1102230246251565e-16, 0.7567862845333249, 0.5370080548654519, -1.1102230246251565e-16, 0.5370080548654518, 0.18645570632814298, 0, 0.18645570632814298, 0.03190272681988389, 6.938893903907228e-18, 0.031902726819883896, 0.001216109411373464, 1.734723475976807e-18, 0.0012161094113734658, 0.00020067104171270719, -7.860465750519907e-19, 0.0002006710417127064, 0.000002603403523380515, -9.063252535621014e-20, 0.000002603403523380424, 4.100581748861574e-7, 1.0058516248644817e-21, 4.100581748861584e-7, 2.2671206539782864e-9, 1.8611563782443123e-23, 2.267120653978305e-9
168.8, 0.6111045691563689, 2.220446049250313e-16, 0.6111045691563691, 0.4914317071396398, 5.551115123125783e-17, 0.49143170713963985, 0.10069482430692625, -1.3877787807814457e-17, 0.10069482430692624, 0.01839143682200165, 1.0408340855860843e-17, 0.018391436822001662, 0.000499529368169289, 9.75781955236954e-19, 0.0004995293681692899, 0.00008612842804303153, -5.963111948670274e-19, 0.00008612842804303094, 8.121164408727384e-7, -5.749236129488564e-20, 8.121164408726809e-7, 1.3037056785278683e-7, -1.852884572118782e-22, 1.3037056785278664e-7, 5.254653990599812e-10, -3.567216391634932e-23, 5.254653990599456e-10
181, 0.5042916511387295, -2.220446049250313e-16, 0.5042916511387293, 0.43691697679184616, -1.1102230246251565e-16, 0.43691697679184605, 0.05617758851063835, -1.3877787807814457e-17, 0.05617758851063834, 0.0109387317483357, 1.0408340855860843e-17, 0.010938731748335711, 0.00021903147820259003, 1.2197274440461925e-18, 0.00021903147820259125, 0.00003900390555421036, -6.776263578034403e-20, 0.00003900390555421029, 2.7393434581115496e-7, -2.4881592825595072e-21, 2.739343458111525e-7, 4.46151461029162e-8, -2.514629062161204e-22, 4.4615146102915945e-8, 1.3428270082965953e-10, -1.4475660719677984e-23, 1.3428270082964505e-10
193.2, 0.41970272944270354, 0, 0.41970272944270354, 0.380330143921167, 0, 0.380330143921167, 0.0325529579167443, 0, 0.0325529579167443, 0.00669950968565893, -5.204170427930421e-18, 0.006699509685658925, 0.00010148410258074699, -5.285485590866834e-19, 0.00010148410258074646, 0.000018518558903060342, 9.147955830346444e-20, 0.000018518558903060434, 9.89207616167925e-8, 7.093900933254765e-21, 9.89207616167996e-8, 1.6293797106607807e-8, -3.1763735522036263e-22, 1.629379710660749e-8, 3.738196685509104e-11, -1.3661404804196098e-23, 3.738196685507738e-11
205.39999999999998, 0.3502440984832275, 1.6653345369377348e-16, 0.3502440984832277, 0.3264126702159024, 2.220446049250313e-16, 0.32641267021590264, 0.019558134904217976, 1.734723475976807e-17, 0.019558134904217993, 0.004214771160243892, 1.734723475976807e-18, 0.004214771160243894, 0.00004930814840996012, 2.168404344971009e-19, 0.000049308148409960336, 0.00000916980298166802, 7.623296525288703e-20, 0.000009169802981668096, 3.793373683486873e-8, 4.989553454919863e-21, 3.793373683487372e-8, 6.304787971077232e-9, -2.7296960214249913e-23, 6.304787971077205e-9, 1.122382458994363e-11, -2.2779778587886114e-25, 1.1223824589943402e-11
217.6, 0.29263641291185405, 0, 0.29263641291185405, 0.2777501328626763, 0, 0.2777501328626763, 0.012139557428967846, -6.938893903907228e-18, 0.01213955742896784, 0.0027170163938668836, 1.0842021724855044e-17, 0.0027170163938668944, 0.000024973651668654196, 9.723938234479368e-19, 0.000024973651668655168, 0.000004714656835835832, -1.5246593050577406e-20, 0.000004714656835835817, 1.5344595628709804e-8, -3.5403330217269584e-22, 1.534459562870945e-8, 2.5690828466933195e-9, -5.66618719598824e-23, 2.569082846693263e-9, 3.604428858072178e-12, -2.013425465613693e-24, 3.6044288580701647e-12
229.8, 0.24488300899558965, 2.220446049250313e-16, 0.24488300899558987, 0.23532150781497324, 2.220446049250313e-16, 0.23532150781497346, 0.007755203549963607, 2.688821387764051e-17, 0.007755203549963634, 0.0017906601221187798, 1.1492543028346347e-17, 0.0017906601221187913, 0.000013122348622645259, 1.0232158002831948e-18, 0.000013122348622646282, 0.000002507550921171228, -3.3881317890172014e-21, 0.0000025075509211712244, 6.510878648306387e-9, 2.514629062161204e-22, 6.510878648306639e-9, 1.0966919116996542e-9, 7.444625512977249e-24, 1.0966919116996617e-9, 1.229395480732165e-12, 4.152058934104065e-25, 1.2293954807325802e-12
242, 0.20541349693478472, -5.551115123125783e-17, 0.20541349693478467, 0.1991188265237487, 0, 0.1991188265237487, 0.005082084233918393, -1.3877787807814457e-17, 0.005082084233918379, 0.0012040823379951481, -2.168404344971009e-19, 0.001204082337995148, 0.000007125275665625637, -6.606856988583543e-20, 0.000007125275665625571, 0.0000013751905960782002, 4.0234064994579266e-21, 0.0000013751905960782042, 2.884094224882736e-9, 1.4227506535912076e-22, 2.8840942248828785e-9, 4.88255126976368e-10, 7.651420666115506e-24, 4.882551269763756e-10, 4.426913343052438e-13, 2.383495893470974e-25, 4.4269133430548216e-13
254.2, 0.1728613536939557, 1.3877787807814457e-16, 0.17286135369395583, 0.16862556367728102, 1.3877787807814457e-16, 0.16862556367728115, 0.003406428169191276, 2.211772431870429e-17, 0.003406428169191298, 0.0008245998149081886, -1.0842021724855044e-19, 0.0008245998149081885, 0.000003984977950354274, 2.286988957586611e-20, 0.000003984977950354297, 7.755003127540667e-7, 2.6893296075324036e-20, 7.755003127540936e-7, 1.3282878606676865e-9, 1.1181413930185552e-21, 1.3282878606688046e-9, 2.2583073411248897e-10, -5.686866711302065e-25, 2.258307341124884e-10, 1.674275232204205e-13, 8.257164867129375e-26, 1.6742752322050308e-13
266.4, 0.14602955827888495, 2.7755575615628914e-17, 0.14602955827888497, 0.1431228456407116, 8.326672684688674e-17, 0.14312284564071168, 0.002329739919900867, 9.107298248878237e-18, 0.002329739919900876, 0.0005742342316432991, -1.0842021724855044e-19, 0.000574234231643299, 0.0000022891488325249795, -1.6093625997831706e-20, 0.0000022891488325249634, 4.4859576374044906e-7, 1.572304908340795e-20, 4.485957637404648e-7, 6.33805660566696e-10, 5.921579210113987e-22, 6.338056605672881e-10, 1.0815070987055764e-10, -5.363749284523539e-24, 1.0815070987055228e-10, 6.621145561677944e-14, -9.014471336141546e-26, 6.62114556166893e-14
278.6, 0.12389112066810905, -5.551115123125783e-17, 0.12389112066810899, 0.1218609968389131, -6.938893903907228e-17, 0.12186099683891304, 0.0016224506717859564, -6.7220534694101275e-18, 0.0016224506717859497, 0.0004060597394271874, 1.6263032587282567e-18, 0.00040605973942718903, 0.0000013474322943450315, 8.576208590949791e-20, 0.0000013474322943451173, 2.6561981851260046e-7, -2.9116757561866574e-21, 2.6561981851259755e-7, 3.1236915896322496e-10, -8.716415704777529e-23, 3.123691589631378e-10, 5.34692541378074e-11, 2.455692443516801e-25, 5.3469254137807643e-11, 2.7273076310166245e-14, 2.4864895732566292e-27, 2.727307631016873e-14
290.79999999999995, 0.1055843119856427, -2.7755575615628914e-17, 0.10558431198564268, 0.10414362657816567, -4.163336342344337e-17, 0.10414362657816563, 0.001148499418829972, -7.806255641895632e-18, 0.0011484994188299643, 0.00029121410838770455, -2.710505431213761e-19, 0.0002912141083877043, 8.110057860592377e-7, -2.3081647812679684e-20, 8.110057860592147e-7, 1.6068865581451264e-7, -1.3234889800848443e-21, 1.606886558145113e-7, 1.5858453869372643e-10, -4.500379520171316e-23, 1.5858453869368142e-10, 2.7219452469005408e-11, -6.23616633682556e-25, 2.7219452469004784e-11, 1.1661468374039022e-14, -1.5556337050958353e-26, 1.1661468374023465e-14
303, 0.0903983972224094, 1.3877787807814457e-17, 0.09039839722240942, 0.08936106236369626, 1.3877787807814457e-17, 0.08936106236369627, 0.0008251529330254443, 4.336808689942018e-18, 0.0008251529330254487, 0.00021158443584443984, -6.776263578034403e-19, 0.00021158443584443917, 4.982390441239973e-7, -2.7846208140985124e-20, 4.982390441239694e-7, 9.915381998356151e-8, 1.3896634290890865e-21, 9.91538199835629e-8, 8.273816437295445e-11, 3.627962467869295e-23, 8.273816437299073e-11, 1.4235008605431129e-11, -3.521979951885938e-25, 1.4235008605430777e-11, 5.160479014194024e-15, -5.433673915162329e-27, 5.16047901418859e-15
315.2, 0.0777539677894894, -2.7755575615628914e-17, 0.07775396778948937, 0.07699707627194442, 0, 0.07699707627194442, 0.0006009266911949631, -1.951563910473908e-18, 0.0006009266911949612, 0.0001555905307192537, -2.439454888092385e-19, 0.00015559053071925345, 3.119287485764598e-7, -1.2229038175983961e-20, 3.1192874857644756e-7, 6.231497889180289e-8, 5.426304818347862e-22, 6.231497889180343e-8, 4.426829589535383e-11, 1.3041019344781327e-23, 4.426829589536687e-11, 7.632260237247403e-12, -8.56261180963095e-26, 7.632260237247317e-12, 2.3571833609098532e-15, -1.1600199611274979e-27, 2.357183360908693e-15
327.4, 0.0671820094145217, 4.163336342344337e-17, 0.06718200941452174, 0.06662296733518669, 4.163336342344337e-17, 0.06662296733518673, 0.0004431030561467798, 4.336808689942018e-18, 0.00044310305614678414, 0.00011570043016314968, 6.776263578034403e-20, 0.00011570043016314975, 1.9872988741991083e-7, 4.4998625322884706e-21, 1.9872988741991533e-7, 3.9834704265889555e-8, 1.105113298370845e-21, 3.983470426589066e-8, 2.4244412997566134e-11, 2.774286226320428e-23, 2.4244412997593877e-11, 4.187697806210941e-12, -1.857925203976527e-26, 4.187697806210922e-12, 1.1087653827279722e-15, 5.951955529892534e-28, 1.1087653827285674e-15
339.6, 0.05830424747222039, -4.85722573273506e-17, 0.05830424747222034, 0.05788666651878659, -5.551115123125783e-17, 0.05788666651878654, 0.0003304898709330346, -2.3852447794681098e-18, 0.00033048987093303224, 0.00008693651511782659, 5.827586677109586e-19, 0.00008693651511782717, 1.2868106767480835e-7, 2.1440521477374477e-20, 1.286810676748298e-7, 2.587039836653979e-8, 1.1018045759206329e-21, 2.5870398366540892e-8, 1.3568718240906246e-11, 2.6222594770211313e-23, 1.3568718240932469e-11, 2.3475583761048613e-12, 1.5751974555453164e-26, 2.347558376104877e-12, 5.359381505707603e-16, 1.0089530977776741e-27, 5.359381505717693e-16
351.79999999999995, 0.0508159378186568, 1.3877787807814457e-17, 0.050815937818656814, 0.050500757108415624, 0, 0.050500757108415624, 0.0002491188961270371, 9.75781955236954e-19, 0.0002491188961270381, 0.00006596016348358515, -5.963111948670274e-19, 0.00006596016348358455, 8.459036172001947e-8, -2.047437452191254e-20, 8.4590361719999e-8, 1.7051177320727515e-8, 6.683619349428464e-22, 1.7051177320728184e-8, 7.748632443974965e-12, 1.304909728045079e-23, 7.748632443988014e-12, 1.3425797909086378e-12, -1.6963664905872638e-26, 1.3425797909086209e-12, 2.657043311444777e-16, -1.6220952363607055e-29, 2.6570433114446147e-16
364, 0.04447141476595518, -2.7755575615628914e-17, 0.044471414765955154, 0.04423121116445297, -3.469446951953614e-17, 0.04423121116445294, 0.00018963484332120125, -1.7076184216646695e-18, 0.00018963484332119954, 0.000050500963088552546, 2.371692252312041e-19, 0.000050500963088552784, 5.6395246441925294e-8, 6.518183226917858e-21, 5.639524644193181e-8, 1.1394554510013447e-8, 5.111976185577711e-22, 1.1394554510013958e-8, 4.509057840295812e-12, 1.044396302704892e-23, 4.509057840306256e-12, 7.822985493901062e-13, 1.868022623563356e-26, 7.822985493901249e-13, 1.3488190468473966e-16, 4.551234385059475e-28, 1.3488190468519479e-16
376.2, 0.03907226201012066, -7.632783294297951e-17, 0.03907226201012058, 0.03888754235506315, -6.245004513516506e-17, 0.03888754235506309, 0.0001456789277107592, -4.363913744254155e-18, 0.00014567892771075484, 0.00003899491435499191, -1.3552527156068805e-19, 0.00003899491435499177, 3.809632742540228e-8, -5.0094057896211356e-21, 3.809632742539727e-8, 7.713529877519171e-9, -6.617444900424222e-24, 7.713529877519164e-9, 2.670501529705257e-12, -5.917087877881765e-25, 2.6705015297046653e-12, 4.638678452325878e-13, -1.3833464833955663e-26, 4.63867845232574e-13, 7.000247693642446e-17, -1.9816432458184698e-28, 7.00024769362263e-17
388.4, 0.034457782359421506, 6.938893903907228e-17, 0.034457782359421575, 0.034314529665386076, 5.551115123125783e-17, 0.03431452966538613, 0.00011286977927625589, 2.4801124695605914e-18, 0.00011286977927625837, 0.00003035157291465248, -1.9989977555201488e-19, 0.00003035157291465228, 2.6054563010205076e-8, -5.055727903924105e-21, 2.605456301020002e-8, 5.285393948455529e-9, 8.437242248040882e-23, 5.285393948455614e-9, 1.6079304488224228e-12, 1.337908095254836e-24, 1.6079304488237607e-12, 2.795978659057166e-13, 6.411861437636384e-27, 2.7959786590572303e-13, 3.709145566059565e-17, 8.915360824161841e-29, 3.7091455660684806e-17
400.59999999999997, 0.030497391888813806, -9.020562075079397e-17, 0.030497391888813716, 0.030385418071137923, -8.673617379884035e-17, 0.030385418071137836, 0.00008815010428602387, -3.1848438816761693e-18, 0.00008815010428602068, 0.000023802022282489198, 6.437450399132683e-20, 0.000023802022282489263, 1.8026792742897773e-8, 9.132073962585426e-22, 1.8026792742898687e-8, 3.6631601863999113e-9, -5.045801736573469e-23, 3.663160186399861e-9, 9.832719014264936e-13, -8.352585482224908e-25, 9.832719014256583e-13, 1.711441394727894e-13, -8.734267942607043e-27, 1.7114413947278066e-13, 2.0039467159669297e-17, -1.0592306545338695e-28, 2.0039467159563374e-17
412.79999999999995, 0.027084581688467172, -4.5102810375396984e-17, 0.027084581688467127, 0.026996406945681433, -4.163336342344337e-17, 0.02699640694568139, 0.0000693612867924177, -1.3688052427629493e-18, 0.00006936128679241633, 0.000018798279739795657, 8.470329472543003e-20, 0.000018798279739795742, 1.2609270613139657e-8, 2.0447904742310844e-21, 1.2609270613141702e-8, 2.566266489231786e-9, -2.895132143935597e-23, 2.566266489231757e-9, 6.101193718644321e-13, -3.869331185672854e-25, 6.101193718640452e-13, 1.0628866431682858e-13, 3.0292258760486853e-28, 1.0628866431682889e-13, 1.1026809648879201e-17, 0, 1.1026809648879201e-17
425, 0.024132135468479563, 2.42861286636753e-17, 0.024132135468479587, 0.024062216457420432, 3.122502256758253e-17, 0.024062216457420463, 0.000054962391738507274, 1.1722935989999517e-18, 0.000054962391738508446, 0.000014945891713959244, 1.5077186461126546e-19, 0.000014945891713959395, 8.911005403961149e-9, 3.8116482626443515e-21, 8.91100540396496e-9, 1.8161505070300936e-9, -1.6543612251060553e-24, 1.816150507030092e-9, 3.838200644529994e-13, 1.251070286808107e-25, 3.838200644531245e-13, 6.691907748977518e-14, 2.398137151871876e-28, 6.691907748977542e-14, 6.173160771247231e-18, 7.014236857458313e-30, 6.1731607712542454e-18
437.2, 0.021568343266255296, 2.7755575615628914e-17, 0.021568343266255324, 0.02151253532937925, 2.42861286636753e-17, 0.021512535329379273, 0.00004384204989471771, 6.979551485375435e-19, 0.00004384204989471841, 0.000011958230155225735, -5.082197683525802e-20, 0.000011958230155225685, 6.358868026921263e-9, -1.1415092453231782e-21, 6.358868026920122e-9, 1.2976707837516831e-9, -5.790264287871194e-23, 1.2976707837516252e-9, 2.446128628241412e-13, -8.259689222026082e-25, 2.4461286282331523e-13, 4.2679757260294665e-14, -1.1233379290347208e-27, 4.267975726029354e-14, 3.512692295718967e-18, -1.8520512717205415e-29, 3.5126922957004465e-18
449.4, 0.019334000764924603, 1.3877787807814457e-17, 0.019334000764924617, 0.019289179155688334, 1.0408340855860843e-17, 0.019289179155688344, 0.000035190938565593694, 9.0801931945661e-19, 0.0000351909385655946, 0.000009625155299685699, 5.082197683525802e-21, 0.000009625155299685704, 4.5795271116445186e-9, 3.044024654195142e-22, 4.579527111644823e-9, 9.356584996669709e-10, 1.737079286361358e-23, 9.356584996669882e-10, 1.5782061091201096e-13, 2.3776898772085473e-25, 1.5782061091224873e-13, 2.755499226669357e-14, -2.7199924012020487e-27, 2.755499226669085e-14, 2.0298424976646526e-18, -2.094140665730017e-29, 2.0298424976437112e-18
461.59999999999997, 0.017380026512557104, 3.469446951953614e-17, 0.01738002651255714, 0.017343816882683587, 3.469446951953614e-17, 0.017343816882683622, 0.000028414321218983317, 1.3078188705606397e-18, 0.000028414321218984625, 0.000007791301178197194, -6.437450399132683e-20, 0.00000779130117819713, 3.326891385291682e-9, -1.0385252590603262e-21, 3.3268913852906433e-9, 6.804639400595029e-10, -1.6543612251060553e-23, 6.804639400594864e-10, 1.0301469138728971e-13, -2.153274726891274e-25, 1.0301469138707438e-13, 1.7997246259122354e-14, 1.2369338993865465e-27, 1.799724625912359e-14, 1.190199308008109e-18, 8.13127622520291e-30, 1.1901993080162403e-18
473.79999999999995, 0.01566556477859844, 3.469446951953614e-18, 0.015665564778598443, 0.01563614956498433, 6.938893903907228e-18, 0.015636149564984336, 0.000023071399476970563, -2.303929616531697e-19, 0.000023071399476970332, 0.000006340878219314737, -1.6008922703106276e-19, 0.000006340878219314577, 2.4369097773070427e-9, -3.1759599618973498e-21, 2.4369097773038667e-9, 4.989281736229513e-10, 5.0664812518872945e-24, 4.989281736229563e-10, 6.798694216572547e-14, -1.188971156349109e-26, 6.798694216571358e-14, 1.1884518617215155e-14, 4.3071805425067245e-28, 1.1884518617215586e-14, 7.0759531788079825e-19, 2.087226577229667e-30, 7.075953178828855e-19
486, 0.014156470353232458, 1.0408340855860843e-17, 0.014156470353232468, 0.01413244842835116, 8.673617379884035e-18, 0.01413244842835117, 0.00001883282104865347, 3.083199928005653e-19, 0.000018832821048653777, 0.000005186936056547469, 1.4230153513872246e-19, 0.000005186936056547612, 1.7990506575412674e-9, 2.6275392157746924e-21, 1.799050657543895e-9, 3.686721660182805e-10, -3.101927297073854e-23, 3.6867216601824947e-10, 4.534215391780403e-14, -2.9018090626373875e-25, 4.534215391751385e-14, 7.930278849239175e-15, 3.6445373821210745e-28, 7.930278849239539e-15, 4.2624130665844965e-19, 1.6215367166768332e-30, 4.262413066600712e-19
498.2, 0.012824094237405794, 3.469446951953614e-18, 0.012824094237405798, 0.01280437829850256, 3.469446951953614e-18, 0.012804378298502563, 0.000015450617074034356, 9.486769009248164e-20, 0.00001545061707403445, 0.0000042637092667303015, -4.912791094074942e-20, 0.000004263709266730252, 1.338085588650409e-9, -8.633697643522226e-22, 1.3380855886495456e-9, 2.7444099289908803e-10, 3.298382692555198e-23, 2.74440992899121e-10, 3.054260661703679e-14, 3.297123039461741e-25, 3.05426066173665e-14, 5.344481205603028e-15, 2.548020723863868e-28, 5.344481205603283e-15, 2.599866807172766e-19, 3.410340449023698e-30, 2.5998668072068693e-19
510.4, 0.011644306932635825, -6.245004513516506e-17, 0.011644306932635762, 0.011628047873657073, -6.071532165918825e-17, 0.011628047873657012, 0.000012736736683116156, -1.9837511624695714e-18, 0.000012736736683114172, 0.000003521114214471286, 6.352747104407253e-20, 0.0000035211142144713494, 1.0023198065365055e-9, 8.898395439539195e-22, 1.0023198065373954e-9, 2.057369516849354e-10, -6.152155805863143e-24, 2.0573695168492926e-10, 2.0769704889397743e-14, -5.322602299707211e-26, 2.0769704889344517e-14, 3.636030369619297e-15, 1.3252863207712998e-28, 3.63603036961943e-15, 1.6047648786252188e-19, 6.935514470981485e-31, 1.6047648786321543e-19
522.5999999999999, 0.010596709888890084, 6.938893903907228e-18, 0.010596709888890091, 0.010583240631121064, 8.673617379884035e-18, 0.010583240631121073, 0.000010547586262763383, 6.945670167485263e-20, 0.000010547586262763453, 0.0000029207603146543057, -6.606856988583543e-20, 0.0000029207603146542397, 7.559042943517645e-10, -1.0509329682486217e-21, 7.559042943507135e-10, 1.552705595868099e-10, -1.990403348955723e-24, 1.5527055958680791e-10, 1.4252211386602474e-14, -3.458366208488916e-26, 1.425221138656789e-14, 2.496106945149464e-15, -4.02319061662716e-29, 2.4961069451494237e-15, 1.0018310160141162e-19, -5.805234334869226e-31, 1.0018310160083109e-19
534.8, 0.009663996433346905, 8.673617379884035e-18, 0.009663996433346913, 0.009652789903547291, 8.673617379884035e-18, 0.0096527899035473, 0.00000877280150066662, 2.524158182817815e-19, 0.000008772801500666872, 0.00000243303658952076, -3.9387032047324966e-20, 0.0000024330365895207206, 5.73761465919125e-10, -5.677560929410844e-22, 5.737614659185573e-10, 1.1793636781456377e-10, -5.0406318577450124e-24, 1.1793636781455873e-10, 9.864667795474334e-15, -5.245293930995552e-26, 9.864667795421881e-15, 1.7283610986887427e-15, 3.117972727886049e-28, 1.7283610986890545e-15, 6.322296599749651e-20, 1.5938153625398095e-30, 6.322296599909033e-20
547, 0.008831431859692975, 2.2551405187698492e-17, 0.008831431859692998, 0.008822069334096502, 2.2551405187698492e-17, 0.008822069334096525, 0.000007327029312230201, 7.309894334804612e-19, 0.000007327029312230932, 0.0000020349679444333554, 2.710505431213761e-20, 0.0000020349679444333825, 4.382025871323713e-10, 4.489522774631558e-22, 4.3820258713282026e-10, 9.012913020556964e-11, 7.871140516324904e-24, 9.012913020557751e-11, 6.88435909744242e-15, 7.551765445680746e-26, 6.884359097517937e-15, 1.2066326995022094e-15, -1.67632942359465e-28, 1.2066326995020418e-15, 4.031273569029317e-20, -6.119160915804345e-31, 4.0312735689681256e-20
559.2, 0.008086428846553913, -5.204170427930421e-18, 0.008086428846553908, 0.008078575946037277, -5.204170427930421e-18, 0.008078575946037272, 0.0000061438678723151726, -1.0164395367051604e-19, 0.000006143867872315071, 0.0000017086267041574117, 1.6728900708272432e-20, 0.0000017086267041574284, 3.366515284321253e-10, 2.2607880116839938e-22, 3.3665152843235136e-10, 6.928294425088596e-11, 6.462348535570529e-24, 6.928294425089242e-11, 4.842492013985771e-15, 5.620160633156577e-26, 4.8424920140419726e-15, 8.490427021466073e-16, -7.070165863043318e-29, 8.490427021465366e-16, 2.5959728888527486e-20, -1.732012873111746e-31, 2.5959728888354285e-20
571.4, 0.007418199418126591, -2.862293735361732e-17, 0.007418199418126562, 0.007411587790531062, -2.862293735361732e-17, 0.007411587790531034, 0.0000051713662606541535, -6.776263578034403e-19, 0.000005171366260653476, 0.0000014399476738212162, -4.658681209898652e-21, 0.0000014399476738212116, 2.600991352803226e-10, -1.08670852974154e-22, 2.6009913528021393e-10, 5.355788346857367e-11, -2.9015944924711674e-24, 5.3557883468570765e-11, 3.4320386776688102e-15, -2.5086565646933396e-26, 3.4320386776437236e-15, 6.019386574167005e-16, 4.555671727651343e-29, 6.019386574167461e-16, 1.6875808290771055e-20, 1.4459520910594794e-31, 1.687580829091565e-20
583.5999999999999, 0.006817468589070695, 0, 0.006817468589070695, 0.006811881847174922, -1.734723475976807e-18, 0.00681188184717492, 0.000004368659691393847, 4.1504614415460717e-20, 0.000004368659691393889, 0.0000012178385317734537, -3.134021904840911e-20, 0.0000012178385317734223, 2.0204462966387767e-10, -4.020873258831983e-22, 2.0204462966347558e-10, 4.162509688452452e-11, 1.454028420503369e-24, 4.162509688452598e-11, 2.450055887280724e-15, 7.401487443236143e-27, 2.4500558872881255e-15, 4.298398750376227e-16, -8.761286428610862e-29, 4.298398750375351e-16, 1.1070396850255472e-20, -4.481187590758382e-31, 1.1070396849807353e-20
595.8, 0.0062762379032503535, 1.0408340855860843e-17, 0.006276237903250364, 0.006271500767612559, 7.806255641895632e-18, 0.0062715007676125666, 0.00000370343751732004, 2.5707449949168015e-19, 0.000003703437517320297, 0.0000010335078355945183, 1.9269999550035333e-20, 0.0000010335078355945376, 1.5776458182096115e-10, 2.4678416587636735e-22, 1.5776458182120794e-10, 3.251822944337724e-11, -3.605990482848355e-24, 3.2518229443373636e-11, 1.7612114027905617e-15, -2.4082345714587048e-26, 1.7612114027664794e-15, 3.0907564289911873e-16, -6.803925307531227e-30, 3.0907564289911193e-16, 7.325448295080875e-21, -8.391637879559759e-32, 7.325448294996958e-21
608, 0.0057875894775226994, -2.3418766925686896e-17, 0.005787589477522676, 0.00578355934764279, -2.3418766925686896e-17, 0.005783559347642767, 0.0000031500261286040275, -4.9763185651190145e-19, 0.00000315002612860353, 8.799544158240209e-7, -9.211483301390516e-21, 8.799544158240117e-7, 1.2380409325135243e-10, -1.2710147099760116e-22, 1.2380409325122533e-10, 2.5529891040702197e-11, 6.462348535570529e-25, 2.5529891040702844e-11, 1.274493261270947e-15, 3.097659559576608e-27, 1.2744932612740446e-15, 2.237206154497547e-16, 2.5933802259140763e-29, 2.2372061544978063e-16, 4.887937320414573e-21, 1.2051882785195391e-31, 4.887937320535092e-21
620.2, 0.00534552304771747, -3.382710778154774e-17, 0.005345523047717436, 0.005342083423911275, -3.382710778154774e-17, 0.005342083423911241, 0.0000026879288422255767, -7.801173444212106e-19, 0.0000026879288422247966, 7.515772039461117e-7, -1.0587911840678754e-21, 7.515772039461106e-7, 9.761995904954016e-11, -4.484869883685947e-23, 9.761995904949531e-11, 2.0138973819168143e-11, -3.263486010463117e-25, 2.0138973819167817e-11, 9.281970393462585e-16, -3.114028423359944e-27, 9.281970393431444e-16, 1.6297349704407e-16, 1.1487786932280984e-29, 1.629734970440815e-16, 3.2877170470686293e-21, 4.0417069284096744e-32, 3.2877170471090463e-21
632.4, 0.004944819999714007, -2.6020852139652106e-17, 0.004944819999713981, 0.004941875323400819, -2.5153490401663703e-17, 0.004941875323400794, 0.000002300707554542827, -4.90855592933867e-19, 0.000002300707554542336, 6.43875469993427e-7, 1.3023131564034868e-20, 6.4387546999344e-7, 7.73285943455021e-11, 1.2315943839090314e-22, 7.732859434562527e-11, 1.5959258426848674e-11, -1.4087919807543753e-24, 1.5959258426847265e-11, 6.801614496872424e-16, -8.601049057237844e-27, 6.801614496786414e-16, 1.194512966476456e-16, 6.483450564785191e-30, 1.1945129664765207e-16, 2.2284654236678277e-21, 1.2400807124338673e-32, 2.2284654236802285e-21
644.6, 0.004580929542912285, -1.3010426069826053e-17, 0.004580929542912272, 0.0045784011298465165, -1.214306433183765e-17, 0.004578401129846504, 0.000001975121516225245, -2.473336205982557e-19, 0.000001975121516224998, 5.532173194075889e-7, 1.641126335305207e-20, 5.532173194076053e-7, 6.15267239459867e-11, 1.6298043006708873e-22, 6.152672394614968e-11, 1.2702822180172996e-11, 8.56261180963095e-26, 1.2702822180173081e-11, 5.013624029090673e-16, 1.4683659674557608e-27, 5.013624029105356e-16, 8.80697681168843e-17, 1.2486189015451327e-29, 8.806976811689678e-17, 1.521713773750078e-21, 5.915219228705043e-32, 1.5217137738092301e-21
656.8, 0.004249873114819584, 1.0408340855860843e-17, 0.004249873114819594, 0.004247695934829887, 9.540979117872439e-18, 0.004247695934829897, 0.0000017004606629661176, 2.0244087439377778e-19, 0.00000170046066296632, 4.766600095046661e-7, -1.3023131564034868e-20, 4.766600095046531e-7, 4.916297603570773e-11, -1.2543418507542396e-22, 4.91629760355823e-11, 1.0153812788082997e-11, 3.7966297646476856e-25, 1.0153812788083377e-11, 3.716753766719627e-16, 1.627025617018337e-27, 3.716753766735897e-16, 6.530248899082371e-17, -1.4569274843300562e-29, 6.530248899080914e-17, 1.0465396554285481e-21, -5.803255742777922e-32, 1.0465396553705156e-21
669, 0.003948163846739742, -1.8214596497756474e-17, 0.003948163846739724, 0.003946283962358797, -1.8214596497756474e-17, 0.003946283962358779, 0.0000014680269721230294, -3.7015339795012925e-19, 0.0000014680269721226592, 4.118098136289111e-7, -4.235164736271502e-21, 4.1180981362890687e-7, 3.9445336014747667e-11, -5.41609430766166e-23, 3.9445336014693506e-11, 8.149531114131392e-12, -1.1632227364026952e-25, 8.149531114131275e-12, 2.7704970399297013e-16, -1.0987846333597168e-27, 2.7704970399187135e-16, 4.868660646274983e-17, 4.911891730165206e-30, 4.868660646275474e-17, 7.247040241194586e-22, 1.5325437069184524e-32, 7.24704024134784e-22
681.1999999999999, 0.0036727385125018474, -2.168404344971009e-17, 0.0036727385125018257, 0.0036711110328995324, -2.0383000842727483e-17, 0.003671111032899512, 0.0000012707290401527222, -3.9471735342050396e-19, 0.0000012707290401523275, 3.56712221184009e-7, -3.3351922298138076e-21, 3.5671222118400566e-7, 3.177403202256648e-11, -4.243178048455609e-23, 3.177403202252405e-11, 6.5667020185065965e-12, 7.964844570090677e-25, 6.566702018507393e-12, 2.0760983337894785e-16, 4.127788642278809e-27, 2.0760983338307564e-16, 3.649059776541401e-17, 1.7317962059930025e-30, 3.649059776541574e-17, 5.051736038463496e-22, 1.1753815033646086e-32, 5.051736038581034e-22
693.4, 0.0034208998565084248, -4.7704895589362195e-18, 0.00342089985650842, 0.0034194872962820017, -4.336808689942018e-18, 0.0034194872962819973, 0.0000011027637005306353, -6.903318520122548e-20, 0.0000011027637005305663, 3.097655216838365e-7, 9.211483301390516e-21, 3.097655216838457e-7, 2.569257282220673e-11, 8.043685222224637e-23, 2.5692572822287166e-11, 5.3114513694648296e-12, 3.4815902735386223e-25, 5.311451369465178e-12, 1.5637000598069017e-16, 2.261664215268641e-27, 1.5637000598295184e-16, 2.7489285754588927e-17, -3.531385146028436e-30, 2.7489285754585395e-17, 3.5440025421349207e-22, -8.03003700933721e-33, 3.5440025420546203e-22
705.5999999999999, 0.00319026757876616, 1.951563910473908e-17, 0.0031902675787661796, 0.003189038536219456, 1.9081958235744878e-17, 0.003189038536219475, 9.59364883424434e-7, 2.998496633280223e-19, 9.59364883424734e-7, 2.6965249937070153e-7, 5.558653716356346e-21, 2.696524993707071e-7, 2.0851822845322925e-11, 5.566343911113675e-23, 2.085182284537859e-11, 4.311946936955677e-12, -4.4428646182047385e-26, 4.311946936955633e-12, 1.1835795960337993e-16, 9.074365600370451e-29, 1.1835795960347067e-16, 2.0810399532496935e-17, 5.562085679390337e-30, 2.0810399532502497e-17, 2.5016381188564308e-22, 2.0420828921806877e-32, 2.501638119060639e-22
717.8, 0.0029787365622378314, 3.642919299551295e-17, 0.002978736562237868, 0.0029776646508560566, 3.5128150388530344e-17, 0.0029776646508560918, 8.366046670017003e-7, 5.789470194483143e-19, 8.366046670022792e-7, 2.3528621820540544e-7, 7.279189390466644e-21, 2.3528621820541272e-7, 1.6983496735378726e-11, 7.42911587649188e-23, 1.6983496735453017e-11, 3.5129653925739064e-12, -3.4412005951913065e-25, 3.5129653925735623e-12, 9.00133803932025e-17, -1.3030626299570266e-27, 9.001338039189943e-17, 1.5829209936922328e-17, 2.865783757248207e-31, 1.5829209936922614e-17, 1.7763995157617039e-22, 5.340270835785652e-34, 1.7763995157670441e-22
730, 0.0027844411768898777, 2.905661822261152e-17, 0.0027844411768899067, 0.002783504158296755, 2.905661822261152e-17, 0.002783504158296784, 7.312350229629911e-7, 4.527391103074235e-19, 7.312350229634438e-7, 2.057668177202183e-7, 1.1514354126738145e-20, 2.057668177202298e-7, 1.3880498917006793e-11, 1.0353167030124155e-22, 1.3880498917110325e-11, 2.8718599620044213e-12, -2.1810426307550534e-26, 2.8718599620043995e-12, 6.877221599692118e-17, 3.6446606416375153e-28, 6.877221599728565e-17, 1.2095697814173636e-17, 1.16634317432091e-30, 1.2095697814174802e-17, 1.268690573346947e-22, 5.5622041692209e-33, 1.268690573402569e-22
742.1999999999999, 0.0026057246970344547, 2.3852447794681098e-17, 0.0026057246970344785, 0.002604903774915948, 2.3852447794681098e-17, 0.0026049037749159717, 6.405614307687103e-7, 3.554362004915858e-19, 6.405614307690657e-7, 1.8034694985853533e-7, -2.0117032497289633e-21, 1.8034694985853332e-7, 1.1382265099066657e-11, -9.014976207120888e-24, 1.1382265099057642e-11, 2.3555522650800435e-12, 2.0558346278783744e-25, 2.355552265080249e-12, 5.27775818896672e-17, 9.983342904363006e-28, 5.2777581890665535e-17, 9.283888025403731e-18, -2.04148574105047e-30, 9.28388802540169e-18, 9.111443492688522e-23, -5.202961340666101e-33, 9.111443492168226e-23
754.4, 0.0024411130333008256, 5.0306980803327406e-17, 0.002441113033300876, 0.002440392276419262, 4.9439619065339e-17, 0.0024403922764193115, 5.623415545996868e-7, 7.343775652694784e-19, 5.623415546004212e-7, 1.5840402486068492e-7, 1.879354351720479e-21, 1.584040248606868e-7, 9.363778576507184e-12, 2.7702472584856964e-23, 9.363778576534887e-12, 1.938277071057861e-12, 3.4331226595218434e-26, 1.9382770710578955e-12, 4.0677462768264603e-17, 3.520415049065206e-28, 4.0677462768616645e-17, 7.156385403767627e-18, 3.019858152799186e-31, 7.156385403767929e-18, 6.578949902163887e-23, 1.7563413743941044e-33, 6.578949902339521e-23
766.5999999999999, 0.002289292115193303, 3.5561831257524545e-17, 0.0022892921151933384, 0.0022886579843110024, 3.5561831257524545e-17, 0.002288657984311038, 4.94703711126864e-7, 5.110785045495635e-19, 4.94703711127375e-7, 1.3941784395280015e-7, -5.2145465815342865e-21, 1.3941784395279493e-7, 7.72730036613193e-12, -2.9162963353895903e-23, 7.727300366102766e-12, 1.599883409634461e-12, -1.8639836557286244e-25, 1.5998834096342746e-12, 3.148230278958313e-17, -8.55149873162865e-28, 3.148230278872798e-17, 5.539403154977491e-18, 8.474091755303838e-33, 5.5394031549774996e-18, 4.7751735962249386e-23, -8.905075004089321e-34, 4.775173596135888e-23
778.8, 0.0021490883705343107, -2.7755575615628914e-17, 0.002149088370534283, 0.0021485293292768364, -2.6454533008646308e-17, 0.00214852932927681, 4.3608102673803075e-7, -3.7592380990329917e-19, 4.3608102673765483e-7, 1.2295251004459125e-7, -5.717472393966527e-21, 1.2295251004458554e-7, 6.396113588758855e-12, -4.7200185910240195e-23, 6.396113588711655e-12, 1.3245488487406821e-12, -3.42504472385238e-25, 1.3245488487403396e-12, 2.446417470980624e-17, -1.653039537963164e-27, 2.44641747081532e-17, 4.305077818071563e-18, 3.112302790129773e-31, 4.3050778180718745e-18, 3.4834833246823593e-23, -1.0517676929264876e-33, 3.4834833245771825e-23
791, 0.002019451838812106, 4.5102810375396984e-17, 0.002019451838812151, 0.0020189580325737, 4.5102810375396984e-17, 0.0020189580325737453, 3.851580803040963e-7, 6.243162216856227e-19, 3.851580803047206e-7, 1.0864174850667561e-7, -8.536503921547246e-21, 1.0864174850666708e-7, 5.309770129053283e-12, -5.016559609450012e-23, 5.3097701290031175e-12, 1.0998020871510156e-12, -3.4331226595218434e-27, 1.0998020871510122e-12, 1.9084988333562194e-17, -9.493139807478012e-29, 1.9084988333467263e-17, 3.3588746049569377e-18, 2.426671729927917e-31, 3.3588746049571804e-18, 2.553655992852162e-23, 4.1223117515399095e-34, 2.553655992893385e-23
803.1999999999999, 0.001899441530249965, 1.713039432527097e-17, 0.0018994415302499821, 0.001899004520439261, 1.713039432527097e-17, 0.0018990045204392782, 3.408275184711433e-7, 2.395515053953568e-19, 3.4082751847138285e-7, 9.617695597528996e-8, -4.221929846470653e-21, 9.617695597528574e-8, 4.4204630122975084e-12, -2.519912032089033e-23, 4.420463012272309e-12, 9.157766965400595e-13, 7.875987277726582e-27, 9.157766965400674e-13, 1.4945097787152463e-17, -1.458776377076668e-29, 1.4945097787137875e-17, 2.6305693898942056e-18, 1.845040886722972e-31, 2.63056938989439e-18, 1.880920050536671e-23, 3.9332334852101446e-34, 1.8809200505760033e-23
815.4, 0.0017882127042670106, -4.5319650809894085e-17, 0.0017882127042669652, 0.00178782524770821, -4.4885969940899884e-17, 0.001787825247708165, 3.021546647369543e-7, -5.824939699149417e-19, 3.021546647363718e-7, 8.529743916489044e-8, -1.5087774372967225e-21, 8.529743916488893e-8, 3.690246172801871e-12, -1.8088921344628856e-23, 3.690246172783782e-12, 7.646389468469736e-13, -9.178554404427517e-26, 7.646389468468818e-13, 1.1746318243742837e-17, -4.466277763352665e-28, 1.1746318243296209e-17, 2.0677578004721532e-18, -4.5837132676416213e-32, 2.0677578004721074e-18, 1.3917963289401177e-23, -6.24889858161251e-34, 1.3917963288776287e-23
827.5999999999999, 0.0016850057922878792, -1.0625181290357943e-17, 0.0016850057922878686, 0.0016846616575827455, -1.0625181290357943e-17, 0.0016846616575827348, 2.683485583570518e-7, -1.2800785415380614e-19, 2.683485583569238e-7, 7.578241772353856e-8, -2.514629062161204e-21, 7.578241772353605e-8, 3.088894922752218e-12, -1.7602629617327174e-23, 3.0888949227346154e-12, 6.401473136848885e-13, -1.9144707536627691e-25, 6.40147313684697e-13, 9.265176558071976e-18, -7.752515138619938e-28, 9.265176557296724e-18, 1.6311595117661928e-18, -1.976004122941304e-31, 1.6311595117659952e-18, 1.0344733545022775e-23, -1.1498215542003287e-33, 1.0344733543872954e-23
839.8, 0.0015891367325007418, 1.9081958235744878e-17, 0.001589136732500761, 0.0015888305467360623, 1.7997756063259374e-17, 0.0015888305467360803, 2.387381824278697e-7, 2.182698025955925e-19, 2.3873818242808797e-7, 6.744445267859211e-8, -7.279189390466644e-22, 6.744445267859138e-8, 2.5922529196909113e-12, -1.8918525337882723e-24, 2.5922529196890195e-12, 5.37312018727061e-13, 7.6033569488822e-26, 5.37312018727137e-13, 7.333468429347132e-18, 2.895520115589546e-28, 7.333468429636684e-18, 1.2912045093503125e-18, -1.2845952729062863e-31, 1.291204509350184e-18, 7.722264134880975e-24, -1.000624872458087e-34, 7.722264134780913e-24
852, 0.0014999885197153752, -2.0816681711721685e-17, 0.0014999885197153544, 0.001499715640158153, -2.0383000842727483e-17, 0.0014997156401581327, 2.127528935112421e-7, -2.4002796142818736e-19, 2.1275289351100207e-7, 6.012403062281072e-8, 1.7205356741102976e-22, 6.012403062281089e-8, 2.1809500793478624e-12, -1.873273281748507e-24, 2.180950079345989e-12, 4.521308748667071e-13, -1.5373321320947078e-25, 4.5213087486655337e-13, 5.824058685830993e-18, -5.672672576797052e-28, 5.8240586852637254e-18, 1.0255394749786564e-18, 5.298233277009286e-31, 1.0255394749791862e-18, 5.788920744180935e-24, 8.653636762448434e-34, 5.7889207450462985e-24
864.1999999999999, 0.0014170038031851495, -3.686287386450715e-18, 0.0014170038031851458, 0.0014167602096127497, -3.469446951953614e-18, 0.0014167602096127462, 1.8990626384093554e-7, -4.5925067608944097e-20, 1.899062638408896e-7, 5.3685087765208756e-8, 1.224227306578481e-21, 5.368508776520998e-8, 1.83940446624903e-12, 6.522125259524556e-24, 1.839404466255552e-12, 3.813835699018491e-13, 1.78219455707531e-26, 3.813835699018669e-13, 4.640462616632886e-18, 7.264530713030878e-29, 4.640462616705531e-18, 8.171978434130907e-19, 5.315566646508771e-32, 8.171978434131439e-19, 4.357389160304869e-24, 1.839016830823313e-34, 4.357389160488771e-24
876.4, 0.0013396783901562094, 1.1058862159352145e-17, 0.0013396783901562204, 0.0013394605942743207, 1.0842021724855044e-17, 0.0013394605942743316, 1.6978270378466693e-7, 1.282990217294248e-19, 1.6978270378479523e-7, 4.8011300586306884e-8, 3.2160782216061716e-21, 4.80113005863101e-8, 1.5550424353379349e-12, 1.9588993998448165e-23, 1.5550424353575239e-12, 3.224708800938011e-13, 6.119036269618344e-26, 3.224708800938623e-13, 3.709167080117861e-18, 2.491151864466002e-28, 3.709167080366976e-18, 6.532508497166098e-19, -1.832522342084455e-31, 6.532508497164266e-19, 3.2929204809640576e-24, -2.107334436658039e-34, 3.2929204807533242e-24
888.5999999999999, 0.0012675555338223653, 3.165870343657673e-17, 0.001267555533822397, 0.0012673605028716574, 3.144186300207963e-17, 0.0012673605028716889, 1.5202635612907727e-7, 3.392896349345507e-19, 1.5202635612941656e-7, 4.300300359946885e-8, -1.164670302474663e-21, 4.3003003599467685e-8, 1.3176871473647314e-12, -3.1467598400393743e-24, 1.3176871473615846e-12, 2.732885583002992e-13, -1.1208135741380136e-26, 2.73288558300288e-13, 2.973946115925164e-18, -3.0058759014029345e-29, 2.9739461158951054e-18, 5.238087929554037e-19, 1.3866695599588098e-32, 5.2380879295541755e-19, 2.4981280449241254e-24, 2.270761212200954e-35, 2.498128044946833e-24
900.8, 0.0012002209019750312, 1.214306433183765e-17, 0.0012002209019750434, 0.0012000459941501815, 1.1926223897340549e-17, 0.0012000459941501934, 1.3633185208404653e-7, 1.258108624468653e-19, 1.3633185208417234e-7, 3.8574621557398205e-8, -3.3947492339176256e-21, 3.857462155739481e-8, 1.1190774589736184e-12, -1.705393583697889e-23, 1.1190774589565645e-12, 2.321280805474955e-13, 6.563322731438818e-28, 2.3212808054749616e-13, 2.3916351057092594e-18, -2.2254505693383388e-29, 2.391635105687005e-18, 4.2127845062850977e-19, 1.5277439283851748e-31, 4.2127845062866254e-19, 1.902308948320483e-24, 2.837654383144541e-34, 1.9023089486042483e-24
913, 0.0011372981375010005, -9.974659986866641e-18, 0.0011372981375009905, 0.0011371410472288627, -1.0191500421363742e-17, 0.0011371410472288525, 1.2243659720437917e-7, -1.002675251312278e-19, 1.224365972042789e-7, 3.4652524844888504e-8, 4.96970112021859e-21, 3.4652524844893474e-8, 9.52488126607561e-13, 2.50250408072134e-23, 9.52488126632586e-13, 1.975982711176206e-13, -2.759119902101011e-26, 1.97598271117593e-13, 1.9289762413572214e-18, -4.9556488585016843e-29, 1.928976241307665e-18, 3.39808666802007e-19, 1.0823726287456265e-31, 3.3980866680211525e-19, 1.4539065523969215e-24, 2.411894002696555e-34, 1.4539065526381109e-24
925.1999999999999, 0.0010784449344555477, -1.7997756063259374e-17, 0.0010784449344555297, 0.0010783036459226405, -1.7780915628762273e-17, 0.0010783036459226228, 1.1011431799296945e-7, -1.7541522942044526e-19, 1.1011431799279403e-7, 3.117323391999071e-8, 1.766857788413267e-21, 3.1173233919992476e-8, 8.124290155880754e-13, 7.567107212565484e-24, 8.124290155956425e-13, 1.6856321403513996e-13, 2.1179337583373725e-26, 1.6856321403516114e-13, 1.5602542305082374e-18, 7.100171851576871e-29, 1.5602542305792391e-18, 2.748747672051429e-19, -1.2037062152420224e-33, 2.748747672051417e-19, 1.1151645264786915e-24, 3.838944144594812e-35, 1.115164526517081e-24
937.4, 0.0010233495640986005, -3.0140820395097023e-17, 0.0010233495640985704, 0.0010232223116976161, -3.0140820395097023e-17, 0.001023222311697586, 9.916965007983427e-8, -2.942116002728609e-19, 9.916965007954005e-8, 2.8081912404334994e-8, 1.346650037236329e-21, 2.808191240433634e-8, 6.944061272086285e-13, 4.3253306542140495e-24, 6.944061272129539e-13, 1.4409291179614638e-13, -1.9185097214975007e-26, 1.440929117961272e-13, 1.2655173431020175e-18, -5.780890580372171e-29, 1.2655173430442086e-18, 2.2296582088573276e-19, 7.655571528939263e-33, 2.229658208857404e-19, 8.583175195859137e-25, -1.1477600309825742e-35, 8.583175195744361e-25
949.5999999999999, 0.0009717277943392714, -1.463672932855431e-17, 0.0009717277943392567, 0.00097161302893247, -1.431146867680866e-17, 0.0009716130289324557, 8.943358916448567e-8, -1.3612084160172623e-19, 8.943358916434955e-8, 2.5331099480397124e-8, -1.3863547066388744e-21, 2.5331099480395737e-8, 5.94731155336155e-13, -7.723314293573728e-24, 5.947311553284317e-13, 1.2342395409754085e-13, 5.831259811393719e-27, 1.2342395409754668e-13, 1.0292337862568364e-18, 3.47938503752998e-30, 1.0292337862603158e-18, 1.8134840132020647e-19, 4.740195075623084e-32, 1.8134840132025387e-19, 6.628644388965406e-25, 7.905227059928731e-35, 6.628644389755929e-25
961.8, 0.000923320153747833, -1.2902005852577503e-17, 0.0009233201537478201, 0.0009232165138319475, -1.2902005852577503e-17, 0.0009232165138319346, 8.075965840886702e-8, -1.1763170054994096e-19, 8.075965840874939e-8, 2.2879641178222768e-8, 3.705769144237564e-22, 2.287964117822314e-8, 5.103692630262557e-13, 8.895826655996306e-25, 5.103692630271452e-13, 1.0592807227249461e-13, 2.8171800647252774e-26, 1.0592807227252278e-13, 8.39273111566804e-19, 7.811022964400478e-29, 8.392731116449143e-19, 1.4788747341397452e-19, -4.405564747785802e-33, 1.4788747341397012e-19, 5.136080163081896e-25, 2.1906439253527224e-35, 5.13608016330096e-25
974, 0.0008778894978739422, -2.1141942363467336e-17, 0.0008778894978739211, 0.0008777957848844564, -2.0816681711721685e-17, 0.0008777957848844356, 7.302067222280274e-8, -1.8931186371133613e-19, 7.302067222261343e-8, 2.069178735817809e-8, 8.536503921547246e-22, 2.0691787358178942e-8, 4.3881705402640443e-13, 2.6385567122342732e-24, 4.38817054029043e-13, 9.1086925330639e-14, -1.5651000359584874e-26, 9.108692533062335e-14, 6.861312401390444e-19, -4.3108571427705597e-29, 6.861312400959358e-19, 1.2091010270733425e-19, -2.0222264416065976e-33, 1.2091010270733223e-19, 3.992392413041696e-25, -2.0065918157276843e-35, 3.992392412841037e-25
986.1999999999999, 0.0008352188412371965, 2.0599841277224584e-17, 0.0008352188412372171, 0.0008351339983559704, 2.0274580625478933e-17, 0.0008351339983559907, 6.610599768953203e-8, 1.8385908911338657e-19, 6.610599768971589e-8, 1.8736427059707998e-8, 1.048865016717239e-21, 1.8736427059709047e-8, 3.7800447181439434e-13, 5.884523699714242e-24, 3.7800447182027886e-13, 7.84718254292678e-14, -2.8626184528660076e-26, 7.847182542923917e-14, 5.623387631676836e-19, -6.687319879048302e-29, 5.623387631008104e-19, 9.910138443003901e-20, 9.12409311153453e-33, 9.910138443004813e-20, 3.1131093114974645e-25, 2.143440480327515e-37, 3.113109311499608e-25
998.4, 0.0007951094231763629, 1.5287250632045613e-17, 0.0007951094231763782, 0.0007950325171105678, 1.5178830414797062e-17, 0.000795032517110583, 5.99192321934904e-8, 1.2967545026871304e-19, 5.991923219362008e-8, 1.6986439657987232e-8, -1.2143011392278446e-21, 1.6986439657986018e-8, 3.262157160837166e-13, -4.542071765645333e-24, 3.262157160791745e-13, 6.772739014067198e-14, 6.68954047627418e-27, 6.772739014067867e-14, 4.620076261091751e-19, 1.4376104069878522e-29, 4.620076261235512e-19, 8.142470328227373e-20, -2.5590794136045396e-32, 8.142470328224814e-20, 2.434904201948972e-25, -4.168422354160837e-35, 2.43490420153213e-25
1010.5999999999999, 0.0007573789798803363, -3.3393426912553537e-17, 0.0007573789798803029, 0.000757309185166666, -3.3285006695304986e-17, 0.0007573091851666327, 5.437622992233561e-8, -2.8083774412910353e-19, 5.4376229922054775e-8, 1.5418143164041164e-8, 1.1117307432712692e-21, 1.5418143164042276e-8, 2.820253179366412e-13, 3.1394392108389233e-24, 2.8202531793978066e-13, 5.855832549440501e-14, 8.658537295705826e-27, 5.855832549441367e-14, 3.8048267035722177e-19, 2.1576289463467423e-29, 3.8048267037879806e-19, 6.70604316486056e-20, -2.2316713230587095e-32, 6.706043164858328e-20, 1.9101329612960744e-25, -3.075563878668914e-35, 1.910132960988518e-25
1022.8, 0.0007218601984814984, -2.3852447794681098e-18, 0.000721860198481496, 0.000721796783940895, -2.168404344971009e-18, 0.0007217967839408928, 4.940342144887374e-8, -2.102362244864775e-20, 4.940342144885272e-8, 1.4010824189101062e-8, -2.6469779601696886e-23, 1.4010824189101036e-8, 2.442463321027143e-13, -2.395107925995827e-25, 2.442463321024748e-13, 5.071871216732132e-14, -1.0154217572004864e-26, 5.0718712167311165e-14, 3.140729047054053e-19, -2.5705868450222534e-29, 3.1407290467969944e-19, 5.535864923256213e-20, 3.5786185779145326e-32, 5.535864923259792e-20, 1.5028254279655088e-25, 5.05043112224882e-35, 1.5028254284705519e-25
1035, 0.000688399332158604, 2.981555974335137e-17, 0.0006883993321586338, 0.0006883416491859461, 2.949029909160572e-17, 0.0006883416491859756, 4.493638006008394e-8, 2.3881696901140973e-19, 4.4936380060322757e-8, 1.274633670604845e-8, 3.88774887899923e-22, 1.274633670604884e-8, 2.1188824159145875e-13, 2.8125857388132702e-24, 2.1188824159427134e-13, 4.400329851116005e-14, 8.292505835683276e-27, 4.4003298511168344e-14, 2.5984360439060565e-19, 2.540754190183695e-29, 2.598436044160132e-19, 4.5802561175534696e-20, -9.906502151441844e-33, 4.580256117552479e-20, 1.1857326855568787e-25, -4.725579125801754e-36, 1.185732685509623e-25
1047.1999999999998, 0.0006568549578399634, -3.3285006695304986e-17, 0.0006568549578399301, 0.0006568024302624646, -3.3068166260807885e-17, 0.0006568024302624315, 4.09185962473989e-8, -2.5931119586802354e-19, 4.091859624713959e-8, 1.1608758888114076e-8, 9.744187615874666e-22, 1.160875888811505e-8, 1.8412266819485061e-13, 2.543237071334608e-24, 1.8412266819739385e-13, 3.824040682555114e-14, -7.427914283561047e-27, 3.824040682554371e-14, 2.154549702824681e-19, -1.7860279858145166e-29, 2.1545497026460782e-19, 3.7980106086885066e-20, 5.5129744658084626e-33, 3.798010608689058e-20, 9.381440364517323e-26, 3.424832637656986e-36, 9.381440364859806e-26
1059.4, 0.0006270968603861533, 2.0383000842727483e-17, 0.0006270968603861737, 0.0006270489756653634, 2.0491421059976034e-17, 0.0006270489756653839, 3.730042817362191e-8, 1.576143026383041e-19, 3.7300428173779523e-8, 1.0584099074393249e-8, 1.7205356741102976e-22, 1.058409907439342e-8, 1.6025537309429751e-13, 1.4140931260374605e-24, 1.602553730957116e-13, 3.3286139869710644e-14, -2.612707318091991e-27, 3.328613986970803e-14, 1.790365410124474e-19, -3.441371995252637e-30, 1.7903654100900604e-19, 3.1561853755073866e-20, -1.0797244750720941e-32, 3.156185375506307e-20, 7.442671987539864e-26, -1.5848292640161958e-35, 7.442671985955035e-26
1071.6, 0.0005990050291124067, -2.3852447794681098e-17, 0.0005990050291123829, 0.0005989613306991056, -2.3527187142935446e-17, 0.0005989613306990821, 3.403820120482011e-8, -1.792202602381892e-19, 3.403820120464089e-8, 9.660043373071004e-9, -4.698385879301197e-22, 9.660043373070534e-9, 1.397033390544146e-13, -2.595970845126822e-24, 1.3970333905181863e-13, 2.901963801376478e-14, -1.4388822911231255e-27, 2.901963801376334e-14, 1.4908914699077316e-19, -6.894829200906304e-30, 1.4908914698387833e-19, 2.6283748345516756e-20, -6.45788384477345e-33, 2.6283748345510298e-20, 5.92022168410029e-26, -1.3670184260034802e-35, 5.920221682733271e-26
1083.8, 0.0005724687542285402, -1.7780915628762273e-17, 0.0005724687542285224, 0.0005724288349086506, -1.7672495411513722e-17, 0.0005724288349086329, 3.109343395134261e-8, -1.286497463091473e-19, 3.109343395121396e-8, 8.825738622958396e-9, 1.0091603473146938e-21, 8.825738622959406e-9, 1.2197596823315572e-13, 3.1802580295186794e-24, 1.2197596823633598e-13, 2.533918746163775e-14, -1.2760614002855087e-26, 2.533918746162499e-14, 1.2440814424469162e-19, -2.6710529805712135e-29, 1.244081442179811e-19, 2.1933595926904194e-20, 4.995380793254393e-34, 2.1933595926904694e-20, 4.721400159795884e-26, -4.999180027730449e-36, 4.721400159295966e-26
1096, 0.0005473858122688502, -1.7672495411513722e-17, 0.0005473858122688325, 0.0005473493083627067, -1.7564075194265172e-17, 0.0005473493083626892, 2.843217188734968e-8, -1.2603585557347972e-19, 2.8432171887223643e-8, 8.071605437411324e-9, 5.145063410079832e-22, 8.071605437411838e-9, 1.0665962126747105e-13, 1.3412781090419402e-24, 1.0665962126881233e-13, 2.2159019565532152e-14, -4.8499168452987806e-27, 2.2159019565527302e-14, 1.0402314016490007e-19, -1.0302292792075574e-29, 1.0402314015459778e-19, 1.8340454062472506e-20, -5.633345087332665e-33, 1.8340454062466873e-20, 3.7748725239363627e-26, -1.0433390540479812e-35, 3.7748725228930236e-26
1108.1999999999998, 0.0005236617308831825, -1.474514954580286e-17, 0.0005236617308831677, 0.0005236283171808668, -1.452830911130576e-17, 0.0005236283171808523, 2.6024412614912532e-8, -1.0351338185488588e-19, 2.602441261480902e-8, 7.389176889091092e-9, -9.992341799640574e-22, 7.3891768890900926e-9, 9.340487563289415e-14, -3.958617618369389e-24, 9.340487562893554e-14, 1.940667266047388e-14, -1.7007841116565015e-27, 1.940667266047218e-14, 8.715053820337546e-20, -7.157032525772474e-30, 8.715053819621843e-20, 1.5366277237504256e-20, 1.564818079814629e-33, 1.536627723750582e-20, 3.0255764373385505e-26, -1.2786428321632413e-36, 3.025576437210686e-26
1120.4, 0.0005012091244936492, -3.436920886779049e-17, 0.0005012091244936148, 0.0005011785098262815, -3.404394821604484e-17, 0.0005011785098262474, 2.3843609341741497e-8, -2.336454358217282e-19, 2.384360934150785e-8, 6.77095908906528e-9, 1.8942436027464334e-22, 6.77095908906547e-9, 8.191600208104804e-14, -2.207422139425644e-25, 8.19160020808273e-14, 1.70208128321835e-14, -5.6482440813824445e-28, 1.7020812832182936e-14, 7.315607356881079e-20, -2.6489120084480518e-30, 7.315607356616188e-20, 1.2899320803202993e-20, -3.617137176802277e-33, 1.2899320803199376e-20, 2.4308874029996154e-26, -6.282469162027434e-36, 2.4308874023713685e-26
1132.6, 0.00047994709331135944, -3.3393426912553537e-17, 0.00047994709331132605, 0.00047991901667274065, -3.3068166260807885e-17, 0.0004799190166727076, 2.1866241232902147e-8, -2.2357368468328253e-19, 2.1866241232678574e-8, 6.210310494067557e-9, 1.7205356741102976e-22, 6.210310494067729e-9, 7.194225458249443e-14, -2.313697480577019e-25, 7.194225458226306e-14, 1.4949429959145424e-14, -1.7544266532115303e-27, 1.494942995914367e-14, 6.152515920539562e-20, -4.8705925699202525e-30, 6.152515920052503e-20, 1.0848919582779343e-20, 6.642953675366911e-33, 1.0848919582785986e-20, 1.9577160838632697e-26, 7.269270266837599e-36, 1.9577160845901968e-26
1144.8, 0.00045980067907160365, -9.75781955236954e-19, 0.00045980067907160267, 0.0004597749062168886, -9.75781955236954e-19, 0.00045977490621688764, 2.0071441034868045e-8, -6.339512214606404e-21, 2.0071441034861705e-8, 5.701337261131119e-9, -3.019209235818551e-22, 5.701337261130817e-9, 6.327064617661613e-14, -1.0266677582653171e-24, 6.327064617558946e-14, 1.3148341302599407e-14, 9.466330862652142e-29, 1.3148341302599502e-14, 5.183935301842407e-20, -5.109913439634671e-31, 5.1839353017913076e-20, 9.141344007765721e-21, 1.9876198879183895e-33, 9.141344007767709e-21, 1.5803043361332408e-26, 2.1907271512711155e-36, 1.5803043363523135e-26
1157, 0.0004407003716037193, -9.432558900623889e-18, 0.00044070037160370986, 0.00044067669206220933, -9.324138683375338e-18, 0.0004406766920622, 1.8440671834253275e-8, -6.009963458565278e-20, 1.8440671834193176e-8, 5.238802375713096e-9, -3.101927297073854e-22, 5.238802375712786e-9, 5.5719945093997136e-14, -1.2034925078924174e-24, 5.5719945092793644e-14, 1.157994768940817e-14, -2.9740056126832145e-27, 1.1579947689405195e-14, 4.375763582246965e-20, -6.780675721983827e-30, 4.375763581568897e-20, 7.716503132631917e-21, -2.5954915266156108e-33, 7.716503132629322e-21, 1.2785467596010473e-26, -5.0774812676421563e-36, 1.2785467590932992e-26
1169.2, 0.0004225816610160923, 2.211772431870429e-17, 0.0004225816610161144, 0.00042255988546408327, 2.211772431870429e-17, 0.0004225598854641054, 1.695744603998768e-8, 1.3877443700679635e-19, 1.6957446040126453e-8, 4.818046621066482e-9, 9.098986738083304e-23, 4.818046621066573e-9, 4.9135675046730677e-14, 7.328328482885947e-25, 4.913567504746351e-14, 1.0212197594346624e-14, -1.2400893430074306e-27, 1.0212197594345384e-14, 3.70014797446275e-20, -1.3632213628858952e-30, 3.700147974326428e-20, 6.525314986559152e-21, -1.1864029383979183e-33, 6.525314986557966e-21, 1.0367086768072236e-26, -1.3173027061865006e-36, 1.0367086766754934e-26
1181.3999999999999, 0.0004053846308604723, 4.174178364069192e-18, 0.0004053846308604765, 0.000405364588807613, 4.174178364069192e-18, 0.00040536458880761716, 1.560708071156047e-8, 2.6473088324147098e-20, 1.5607080711586944e-8, 4.434919744101746e-9, -2.0183206946293875e-22, 4.434919744101544e-9, 4.33859436368393e-14, -5.471728565230191e-25, 4.338594363629213e-14, 9.017722692920463e-15, -1.735493991486226e-27, 9.017722692918727e-15, 3.134291100058797e-20, -3.4317303084685486e-30, 3.134291099715624e-20, 5.52760412889556e-21, -2.253939888040687e-33, 5.527604128893306e-21, 8.424441083453032e-27, -3.4690686482125884e-36, 8.424441079983964e-27
1193.6, 0.00038905358815117955, -7.101524229780054e-18, 0.00038905358815117245, 0.00038903512590021796, -6.993104012531504e-18, 0.00038903512590021097, 1.4376484215128078e-8, -4.5157444000494887e-20, 1.437648421508292e-8, 4.085720415293242e-9, 3.019209235818551e-22, 4.085720415293544e-9, 3.835795505223156e-14, 7.893594653131115e-25, 3.835795505302092e-14, 7.97311512755239e-15, -1.3741956968950026e-27, 7.973115127551017e-15, 2.6594943947885812e-20, -2.2373197144737327e-30, 2.6594943945648492e-20, 4.6904167431690644e-21, -5.24364520014806e-34, 4.69041674316854e-21, 6.860414184339013e-27, -9.05083297455455e-37, 6.86041418343393e-27
1205.8, 0.00037353672656885754, 2.5912431922403556e-17, 0.00037353672656888345, 0.00037351970541412197, 2.5804011705155006e-17, 0.0003735197054141478, 1.325396993737736e-8, 1.542824191309405e-19, 1.3253969937531642e-8, 3.767143784782357e-9, -1.1001502146955268e-22, 3.767143784782247e-9, 3.395508937224957e-14, 1.0520249032027413e-25, 3.3955089372354775e-14, 7.058322127863786e-15, 9.056123191937216e-28, 7.058322127864692e-15, 2.2603897625118184e-20, 2.1634934030274014e-30, 2.2603897627281678e-20, 3.986667226151285e-21, -1.487329492208424e-33, 3.986667226149798e-21, 5.598422461430186e-27, -1.2075937265887604e-36, 5.5984224602225924e-27
1218, 0.0003587858195741108, 2.0383000842727483e-17, 0.0003587858195741312, 0.00035877011420875905, 2.0220370516854658e-17, 0.00035877011420877927, 1.2229093391228696e-8, 1.1882118627079221e-19, 1.2229093391347517e-8, 3.476235609930218e-9, 2.2540671692070004e-22, 3.4762356099304433e-9, 3.009445192396538e-14, 9.89717513464765e-25, 3.0094451924955095e-14, 6.256138003125826e-15, -1.3852397495680967e-27, 6.256138003124441e-15, 1.9243210409942366e-20, -1.588994519147765e-30, 1.924321040835337e-20, 3.394048591019601e-21, 1.1894122039360234e-33, 3.3940485910207905e-21, 4.577927132615063e-27, 1.4383218011079485e-36, 4.577927134053385e-27
1230.2, 0.0003447559405100907, -7.15573433840433e-18, 0.0003447559405100835, 0.00034474143761617276, -7.101524229780054e-18, 0.00034474143761616566, 1.1292509585079599e-8, -3.9810548520952116e-20, 1.1292509585039788e-8, 3.2103520762303733e-9, -2.6428420571069234e-22, 3.210352076230109e-9, 2.6704813371573398e-14, -8.66633124144941e-25, 2.6704813370706764e-14, 5.551777081909786e-15, 1.9800408721047396e-27, 5.551777081911766e-15, 1.6408449541657936e-20, 2.8777245229034078e-30, 1.640844954453566e-20, 2.894153315085233e-21, 1.4880818085929502e-33, 2.894153315086721e-21, 3.7509587456437825e-27, 1.941470547937239e-36, 3.750958747585253e-27
1242.3999999999999, 0.00033140520708254057, 1.5178830414797062e-17, 0.00033140520708255575, 0.0003313918040813606, 1.5016200088924236e-17, 0.0003313918040813756, 1.0435847964629985e-8, 8.515162661743377e-20, 1.0435847964715136e-8, 2.9671245579867785e-9, 4.867957904874568e-22, 2.9671245579872653e-9, 2.372487518096923e-14, 1.59030887504573e-24, 2.372487518255954e-14, 4.932514070974445e-15, -7.162857019406787e-28, 4.932514070973729e-15, 1.4013276031388915e-20, -2.6083410904633194e-31, 1.401327603112808e-20, 2.4717624455404003e-21, -4.352150284484437e-34, 2.471762445539965e-21, 3.079418775845512e-27, -2.0891463305481712e-37, 3.0794187756365972e-27
1254.6, 0.00031869454788143505, 1.7889335846010823e-17, 0.00031869454788145294, 0.000318682151824657, 1.7835125737386548e-17, 0.00031868215182467483, 9.651602617826794e-9, 9.802917439365931e-20, 9.651602617924824e-9, 2.7444286710135356e-9, -3.5982356646056704e-23, 2.7444286710134996e-9, 2.110180655761541e-14, 1.3622681200080609e-25, 2.1101806557751635e-14, 4.387380669437185e-15, -3.392101892450351e-29, 4.387380669437151e-15, 1.1986175034960287e-20, 2.3087837524726516e-31, 1.1986175035191165e-20, 2.114269536851964e-21, 2.644392091609818e-34, 2.1142695368522285e-21, 2.532979208102203e-27, 4.149113367121768e-37, 2.5329792085171144e-27
1266.8, 0.00030658748885247655, 0, 0.00030658748885247655, 0.00030657601543696245, 0, 0.00030657601543696245, 8.933035757448952e-9, 8.470329472543003e-22, 8.933035757449799e-9, 2.54035705974366e-9, 1.49719690872098e-22, 2.5403570597438096e-9, 1.87900082792043e-14, 4.0979115215696944e-25, 1.8790008279614092e-14, 3.9069092075253366e-15, 1.2448225084387566e-27, 3.9069092075265814e-15, 1.0267800950482658e-20, 2.1917925361477413e-30, 1.026780095267445e-20, 1.8112128727377926e-21, -1.5452578538169463e-33, 1.8112128727362474e-21, 2.0874435294865874e-27, -1.3112874811881522e-36, 2.0874435281753e-27
1279, 0.00029504995784213056, 9.595189226496714e-18, 0.00029504995784214016, 0.000295039330533694, 9.595189226496714e-18, 0.0002950393305337036, 8.274092765575704e-9, 5.058705754129296e-20, 8.274092765626291e-9, 2.353195438034878e-9, -4.508134338414001e-23, 2.3531954380348327e-9, 1.675006651717578e-14, -7.292230207863033e-27, 1.6750066517168487e-14, 3.4829156633369745e-15, 1.165541987464045e-27, 3.48291566333814e-15, 8.808817312548899e-21, 1.9506480515172308e-30, 8.808817314499547e-21, 1.5538948408881068e-21, -1.9528252551340498e-33, 1.553894840886154e-21, 1.723464666109895e-27, -1.778126768723977e-36, 1.7234646643317682e-27
1291.1999999999998, 0.0002840501055329217, -1.8323016715005025e-17, 0.00028405010553290337, 0.00028404025478607315, -1.8214596497756474e-17, 0.00028404025478605494, 7.669327323729794e-9, -9.494379070883652e-20, 7.66932732363485e-9, 2.1814014686290243e-9, 1.9480103425623802e-22, 2.181401468629219e-9, 1.494786600575223e-14, 3.0616638364713733e-25, 1.4947866006058396e-14, 3.1083157114975984e-15, 4.99743383457511e-28, 3.108315711498098e-15, 7.568135670318569e-21, 7.276885553624122e-31, 7.568135671046257e-21, 1.3350716014407542e-21, -1.2319180796617573e-33, 1.3350716014395223e-21, 1.425539691929945e-27, -1.1983696402109853e-36, 1.4255396907315753e-27
1303.3999999999999, 0.00027355814125649156, 5.637851296924623e-18, 0.0002735581412564972, 0.00027354900381888606, 5.5294310796760726e-18, 0.0002735490038188916, 7.113835352321076e-9, 2.798765602573169e-20, 7.1138353523490636e-9, 2.023586122421337e-9, -2.721424215299461e-22, 2.0235861224210647e-9, 1.335383708479467e-14, -6.4016693547409285e-25, 1.3353837084154503e-14, 2.776968527444752e-15, -7.178634237511207e-29, 2.77696852744468e-15, 6.5114769475652974e-21, -3.0467459403821545e-31, 6.511476947260623e-21, 1.1486995695787215e-21, 3.447489832091605e-34, 1.1486995695790662e-21, 1.1812197509804462e-27, 2.5949339129623765e-37, 1.1812197512399396e-27
1315.6, 0.00026354618232294594, 2.7863995832877464e-17, 0.0002635461823229738, 0.00026353770061466404, 2.7755575615628914e-17, 0.0002635377006146918, 6.603196649173257e-9, 1.388422658170257e-19, 6.6031966493120995e-9, 1.8784972068699612e-9, -8.395883217413231e-23, 1.8784972068698773e-9, 1.1942315423061677e-14, 6.699480123679965e-26, 1.1942315423128672e-14, 2.483543952744654e-15, -1.597443333072549e-28, 2.4835439527444942e-15, 5.610193997705909e-21, 1.0081039552651938e-33, 5.610193997706917e-21, 9.897279112119357e-22, -2.539067797776141e-35, 9.897279112119103e-22, 9.804876550077664e-28, 3.833235133578965e-38, 9.804876550460987e-28
1327.8, 0.00025398811564244123, -2.2714035513571318e-17, 0.0002539881156424185, 0.0002539802372014589, -2.2605615296322767e-17, 0.0002539802372014363, 6.133423273738665e-9, -1.111011096138348e-19, 6.133423273627564e-9, 1.7450047941735397e-9, 3.441071348220595e-22, 1.7450047941738838e-9, 1.0690996711402806e-14, 6.399018782099386e-25, 1.0690996712042708e-14, 2.2234093547477023e-15, -3.668203209277705e-29, 2.2234093547476656e-15, 4.8403060503464456e-21, 9.101523619998742e-33, 4.840306050355547e-21, 8.539283788569237e-22, -7.034158195320568e-35, 8.539283788568533e-22, 8.152664862527154e-28, -5.150572278076525e-38, 8.152664862012097e-28
1340, 0.00024485947053450106, 6.451002926288751e-18, 0.0002448594705345075, 0.00024485214752077, 6.451002926288751e-18, 0.00024485214752077646, 5.700913842651781e-9, 3.1103645393218947e-20, 5.700913842682884e-9, 1.6220883153836226e-9, 1.3172851254906966e-22, 1.6220883153837543e-9, 9.580471553000728e-15, 3.7724748437298182e-25, 9.580471553377976e-15, 1.9925331160871263e-15, -9.458442253599932e-28, 1.9925331160861805e-15, 4.18170549312726e-21, -1.1992795856354699e-30, 4.18170549192798e-21, 7.377555090789685e-22, 5.245525991109376e-34, 7.377555090794931e-22, 6.790307619382529e-28, 4.176601237797964e-37, 6.79030762355913e-28
1352.1999999999998, 0.00023613730172922316, -6.776263578034403e-19, 0.00023613730172922248, 0.0002361304904807105, -7.318364664277155e-19, 0.00023613049048070976, 5.302413014296094e-9, -3.3715881767661408e-21, 5.3024130142927225e-9, 1.5088251171672555e-9, -2.140329834980959e-22, 1.5088251171670415e-9, 8.593828159096853e-15, -5.157967028787586e-25, 8.593828158581057e-15, 1.7874021884516733e-15, -6.807869612057332e-28, 1.7874021884509925e-15, 3.617505008404736e-21, -1.1414309695637073e-30, 3.617505007263305e-21, 6.382315547876152e-22, 2.3528694926058907e-34, 6.382315547878505e-22, 5.664980895288865e-28, 6.365625845066088e-38, 5.664980895925427e-28
1364.3999999999999, 0.00022780008166090615, 1.0598076236045806e-17, 0.00022780008166091675, 0.00022779374229574796, 1.054386612742153e-17, 0.0002277937422957585, 4.934975532626074e-9, 4.8640701559955686e-20, 4.934975532674715e-9, 1.4043803042890652e-9, -2.7875986643037033e-22, 1.4043803042887865e-9, 7.716312486061139e-15, -5.693288039070564e-25, 7.71631248549181e-15, 1.6049515592634785e-15, -1.3294278405237101e-27, 1.6049515592621491e-15, 3.1334993048264227e-21, -1.979122098196973e-30, 3.1334993028473006e-21, 5.5285160656594065e-22, 9.065412433541481e-35, 5.528516065660313e-22, 4.733841211646966e-28, -1.4005854836661686e-37, 4.73384121024638e-28
1376.6, 0.00021982760124199344, -1.2658060363768264e-17, 0.00021982760124198078, 0.00021982169730161682, -1.2549640146519714e-17, 0.00021982169730160427, 4.595934285444948e-9, -5.773720675620133e-20, 4.595934285387211e-9, 1.3079977135996185e-9, 3.350081480839762e-23, 1.307997713599652e-9, 6.935037089558354e-15, -1.9260827861876224e-26, 6.9350370895390935e-15, 1.442503824252249e-15, -6.350330287029145e-29, 1.4425038242521855e-15, 2.7177204846568828e-21, -1.5608044719031815e-31, 2.7177204845008023e-21, 4.795052233325476e-22, -5.465578533583308e-34, 4.795052233320011e-22, 3.9620741639944575e-28, -5.268740078145091e-37, 3.9620741587257174e-28
1388.8, 0.00021220087838104944, 2.236166980751353e-17, 0.0002122008783810718, 0.00021219537650973358, 2.2280354644577116e-17, 0.00021219537650975586, 4.282871894376449e-9, 1.000334330178753e-19, 4.282871894476482e-9, 1.2189918849737752e-9, -3.143286327701505e-22, 1.218991884973461e-9, 6.238731360659052e-15, -5.498612944880123e-25, 6.238731360109191e-15, 1.297717345858996e-15, 4.70161099511723e-28, 1.2977173458594661e-15, 2.3600702091925606e-21, 5.743830271564192e-31, 2.3600702097669437e-21, 4.1641158789444978e-22, -5.40398262960022e-34, 4.164115878939094e-22, 3.3213371668979486e-28, -4.423614059609988e-37, 3.3213371624743345e-28
1401, 0.00020490207357980777, -2.780978572425319e-17, 0.00020490207357977996, 0.00020489694323668725, -2.7701365507004638e-17, 0.00020489694323665955, 3.993595422814001e-9, -1.2194048436072968e-19, 3.993595422692061e-9, 1.1367409116332177e-9, 1.1435771968545608e-22, 1.136740911633332e-9, 5.617526976004621e-15, 6.51906763465592e-26, 5.6175269760698115e-15, 1.168541716622898e-15, -7.237798805402783e-28, 1.1685417166221743e-15, 2.0520148069363992e-21, -1.0575841800336784e-30, 2.052014805878815e-21, 3.620657623668009e-22, 1.050891949635125e-34, 3.62065762366906e-22, 2.7885142871445443e-28, -2.181016803115832e-38, 2.7885142869264426e-28
1413.1999999999998, 0.00019791441200574234, 4.87890977618477e-19, 0.00019791441200574283, 0.00019790962520572372, 4.87890977618477e-19, 0.0001979096252057242, 3.726113835675823e-9, 1.9670354966510998e-21, 3.72611383567779e-9, 1.0606800670161883e-9, -1.1745964698252993e-22, 1.0606800670160708e-9, 5.062773346236378e-15, -2.531722857562002e-25, 5.062773345983206e-15, 1.0531794467744602e-15, 1.508696481235185e-28, 1.053179446774611e-15, 1.7863321608758635e-21, 1.279772924881473e-31, 1.786332161003841e-21, 3.151940692506183e-22, 3.0008019787791356e-34, 3.1519406925091836e-22, 2.3447186011584256e-28, 2.561395123413349e-37, 2.3447186037198208e-28
1425.3999999999999, 0.0001912221114925653, 9.75781955236954e-19, 0.00019122211149256627, 0.00019121764257304028, 9.75781955236954e-19, 0.00019121764257304125, 3.478617889953855e-9, 4.003554164756654e-21, 3.4786178899578585e-9, 9.902961181336411e-10, 2.179620914077228e-22, 9.90296118133859e-10, 4.566878655393348e-15, 4.719533914883852e-25, 4.5668786558653015e-15, 9.50052962647568e-16, 7.1194696696196315e-28, 9.5005296264828e-16, 1.5569012686194399e-21, 1.0387491870306789e-30, 1.556901269658189e-21, 2.7471698807181577e-22, -2.4088230237050316e-34, 2.747169880715749e-22, 1.9744913271527837e-28, -9.348512713096982e-38, 1.9744913262179325e-28
1437.6, 0.00018481031597233078, 2.051852611428817e-17, 0.0001848103159723513, 0.00018480614138292537, 2.041010589703962e-17, 0.00018480614138294578, 3.24946217803781e-9, 8.553254328951444e-20, 3.2494621781233425e-9, 9.251222464461909e-10, -5.1905583437702487e-23, 9.25122246446139e-10, 4.12317276763531e-15, 1.0036677297126933e-26, 4.123172767645347e-15, 8.57776142791943e-16, 3.224468950090886e-29, 8.577761427919753e-16, 1.3585269369169276e-21, 1.0906255394838797e-31, 1.3585269370259901e-21, 2.3971825209743304e-22, -8.13442090769023e-36, 2.397182520974249e-22, 1.665157695436325e-28, 1.4561777963428627e-38, 1.6651576955819427e-28
1449.8, 0.00017866503388727374, 1.3010426069826053e-17, 0.00017866503388728675, 0.00017866113200018996, 1.292911090688964e-17, 0.00017866113200020289, 3.037149075925148e-9, 5.343793552245697e-20, 3.037149075978586e-9, 8.647335069513849e-10, -1.1756304455909906e-22, 8.647335069512673e-10, 3.725788842893177e-15, -1.7219965813978945e-25, 3.725788842720977e-15, 7.751297365643449e-16, -7.49220644733656e-28, 7.751297365635957e-16, 1.1867935640880332e-21, -9.31186375794844e-31, 1.1867935631568468e-21, 2.0941906841643238e-22, 1.128474576789396e-36, 2.0941906841643351e-22, 1.4063078859503052e-28, -7.192986089566604e-38, 1.4063078852310066e-28
1462, 0.0001727730811712829, -7.345469718589293e-18, 0.00017277308117127555, 0.0001727694321100658, -7.291259609965017e-18, 0.0001727694321100585, 2.8403143819331883e-9, -2.9460864696688634e-20, 2.8403143819037274e-9, 8.087427645661193e-10, 8.633697643522226e-23, 8.087427645662057e-10, 3.369560975073082e-15, 1.3723024307224721e-25, 3.3695609752103124e-15, 7.010401089909126e-16, 3.735256386221491e-28, 7.010401089912862e-16, 1.0379429726951924e-21, 4.6740871541238e-31, 1.0379429731626011e-21, 1.831565786212702e-22, -1.7806388426256011e-34, 1.8315657862109213e-22, 1.1893779924820245e-28, -1.062313828040192e-37, 1.1893779914197107e-28
1474.1999999999998, 0.00016712202842705456, 2.1955093992831465e-18, 0.00016712202842705676, 0.00016711861391186146, 2.222614453595284e-18, 0.00016711861391186368, 2.6577144543419605e-9, 8.75777473540518e-21, 2.6577144543507182e-9, 7.567970542249429e-10, -3.970466940254533e-23, 7.567970542249032e-10, 3.0499355823993895e-15, -6.801598167860825e-26, 3.0499355823313735e-15, 6.345608391562803e-16, 4.585254011597131e-28, 6.345608391567388e-16, 9.087721945336993e-22, 5.384356575918891e-31, 9.08772195072135e-22, 1.6036583507885906e-22, -2.948139831862297e-34, 1.6036583507856425e-22, 1.0073111119730952e-28, -1.9628736443697048e-37, 1.0073111100102215e-28
1486.3999999999999, 0.00016170015195906114, -1.2495430037895439e-17, 0.00016170015195904864, 0.00016169695516672362, -1.2468324983583301e-17, 0.00016169695516671115, 2.4882146822777123e-9, -4.870770318957248e-20, 2.4882146822290046e-9, 7.085743174964686e-10, 1.1683926152311516e-22, 7.085743174965854e-10, 2.7628946026914267e-15, 1.723743908302959e-25, 2.762894602863801e-15, 5.748567697035155e-16, 1.1635698352009924e-29, 5.748567697035272e-16, 7.965477971574837e-22, 2.3431269954262756e-32, 7.96547797180915e-22, 1.405646963661422e-22, -1.0579449157400588e-36, 1.4056469636614114e-22, 8.542827602431763e-29, 2.4682807462248766e-39, 8.542827602678592e-29
1498.6, 0.00015649638835182018, -2.0735366548785272e-17, 0.00015649638835179945, 0.00015649339378917906, -2.0626946331536722e-17, 0.00015649339378915843, 2.330779140902059e-9, -7.976337210726335e-20, 2.3307791408222957e-9, 6.637804741151975e-10, -7.103413510299125e-23, 6.637804741151264e-10, 2.504888843496194e-15, -2.3192037296954614e-25, 2.5048888432642735e-15, 5.211901644962816e-16, -8.04638123325432e-29, 5.211901644962011e-16, 6.989339940310618e-22, -1.8770209158337028e-31, 6.989339938433597e-22, 1.2334115039571072e-22, 2.3251278259264847e-35, 1.2334115039573397e-22, 7.254779946199263e-29, -9.727455206936013e-39, 7.254779945226518e-29
1510.8, 0.00015150029231078788, -7.047314121155779e-19, 0.00015150029231078717, 0.00015149748569994863, -7.047314121155779e-19, 0.00015149748569994793, 2.1844613018356037e-9, -2.465411815714299e-21, 2.1844613018331382e-9, 6.221467917092197e-10, -3.1846453583291565e-23, 6.221467917091878e-10, 2.2727800788053895e-15, -6.45828590190864e-26, 2.2727800787408066e-15, 4.729086817154831e-16, 5.167038929197627e-29, 4.729086817155348e-16, 6.139322209107775e-22, 4.4024144229255983e-32, 6.1393222095480165e-22, 1.083426596089993e-22, 2.5038029672514724e-35, 1.0834265960902434e-22, 6.169102132165252e-29, 1.9539055584057803e-38, 6.169102134119158e-29
1523, 0.0001467019975074098, 2.076247160309741e-17, 0.00014670199750743055, 0.00014669936568171207, 2.0708261494473135e-17, 0.00014669936568173278, 2.0483956831994807e-9, 7.746960026865381e-20, 2.0483956832769503e-9, 5.834275212826886e-10, -5.438712527536157e-23, 5.834275212826343e-10, 2.063790683565214e-15, -1.6270256170183368e-26, 2.063790683548944e-15, 4.29434912254416e-16, -3.4177398718700336e-28, 4.294349122540742e-16, 5.398302823510998e-22, -3.4858100075329307e-31, 5.398302820025188e-22, 9.526719291891917e-23, -6.69561582228375e-35, 9.526719291885222e-23, 5.252735682075859e-29, -6.679354150452985e-38, 5.252735675396505e-29
1535.1999999999998, 0.00014209218019252455, -5.041540102057596e-18, 0.0001420921801925195, 0.0001420897110021507, -4.9873299934333204e-18, 0.00014208971100214572, 1.9217903383324532e-9, -1.8366718321127426e-20, 1.9217903383140865e-9, 5.473977697636612e-10, 1.41654679899706e-23, 5.473977697636754e-10, 1.8754597751407797e-15, 6.784598215353312e-27, 1.8754597751475643e-15, 3.90257269358425e-16, 2.2891757393382236e-28, 3.902572693586539e-16, 4.751594793576121e-22, 2.4566242663823497e-31, 4.751594796032746e-22, 8.3855666784339e-23, -7.11174082247484e-36, 8.385566678433189e-23, 4.478225785213185e-29, 8.93036861445877e-39, 4.478225786106222e-29
1547.3999999999999, 0.00013766202536215382, 1.3010426069826053e-18, 0.00013766202536215512, 0.00013765970758841662, 1.328147661294743e-18, 0.00013765970758841794, 1.8039200924417872e-9, 4.687218941031731e-21, 1.8039200924464744e-9, 5.138515842237617e-10, -2.6056189295420372e-23, 5.138515842237356e-10, 1.705604981899393e-15, -4.1791878606346153e-26, 1.7056049818576012e-15, 3.5492204614112914e-16, -1.0334077858395255e-28, 3.549220461410258e-16, 4.1865844066185794e-22, -1.182611263819906e-31, 4.186584405435968e-22, 7.388556519591615e-23, 4.685520482377638e-35, 7.3885565195963e-23, 3.822737418310789e-29, 2.581264078287072e-38, 3.822737420892053e-29
1559.6, 0.00013340319527845924, 1.748276003132876e-17, 0.00013340319527847672, 0.00013340101855591048, 1.7401444868392346e-17, 0.00013340101855592788, 1.6941204481771029e-9, 6.159042084462647e-20, 1.6941204482386933e-9, 4.826002252610347e-10, 4.1359030627651384e-25, 4.826002252610351e-10, 1.5522890740491666e-15, 6.242354950627019e-26, 1.5522890741115902e-15, 3.230264836447775e-16, -1.3395844246784307e-28, 3.230264836446435e-16, 3.6924253808016137e-22, -1.0708156384860821e-31, 3.692425379730798e-22, 6.516554739824084e-23, -3.979048377533443e-35, 6.516554739820105e-23, 3.267250190049248e-29, -2.9526255474341064e-38, 3.2672501870966226e-29
1571.8, 0.00012930780016512242, 8.375461782450522e-18, 0.0001293078001651308, 0.0001293057549107154, 8.321251673826247e-18, 0.00012930575491072372, 1.5917820894379176e-9, 2.9330170159905255e-20, 1.5917820894672478e-9, 4.534706095899921e-10, 6.291742534231467e-23, 4.5347060959005504e-10, 1.4137908137869103e-15, 1.3943491208711364e-25, 1.4137908139263452e-15, 2.9421271434494855e-16, -1.3908603835177964e-28, 2.9421271434480946e-16, 3.2597801438804094e-22, -1.1011278762118663e-31, 3.2597801427792815e-22, 5.753088432809791e-23, -7.49730296954455e-35, 5.753088432802293e-23, 2.795898235595565e-29, -5.371310977890213e-38, 2.795898230224254e-29
1584, 0.00012536837091130598, 3.0574501264091225e-17, 0.00012536837091133655, 0.00012536644825992532, 3.043897599253054e-17, 0.00012536644825995576, 1.496345919827982e-9, 1.0509019489756509e-19, 1.4963459199330721e-9, 4.2630390411564005e-10, -1.1761474334738362e-22, 4.2630390411552244e-10, 1.2885794591140988e-15, -1.0565391597328686e-25, 1.2885794590084449e-15, 2.6816246490628545e-16, -8.184431891667997e-30, 2.6816246490627726e-16, 2.880600554577978e-22, 1.0336356925650539e-32, 2.8806005546813418e-22, 5.0839591327466404e-23, 7.11174082247484e-36, 5.0839591327473516e-23, 2.3954282507535527e-29, 7.814049416226763e-39, 2.3954282515349576e-29
1596.1999999999998, 0.00012157783363278232, 1.7496312558484828e-17, 0.00012157783363279981, 0.00012157602537852521, 1.7387892341236277e-17, 0.0001215760253785426, 1.407298581503969e-9, 5.939839222136095e-20, 1.4072985815633674e-9, 4.009542557434628e-10, 5.2887860415109207e-23, 4.0095425574351566e-10, 1.1752924416765891e-15, 1.4501413083928924e-25, 1.1752924418216033e-15, 2.4459241815407895e-16, -1.7478199431303043e-28, 2.4459241815390416e-16, 2.5479418232670856e-22, -1.338432914173947e-31, 2.5479418219286527e-22, 4.496914665216363e-23, 2.2493084402984471e-35, 4.4969146652186124e-23, 2.054753824529932e-29, 1.3560536197683902e-38, 2.0547538258859855e-29
1608.3999999999999, 0.00011792948595049882, 2.0952206983282373e-17, 0.00011792948595051978, 0.00011792778449315658, 2.088444434750203e-17, 0.00011792778449317746, 1.3241684033707278e-9, 7.005868236563809e-20, 1.3241684034407865e-9, 3.7728764292058044e-10, -6.100457017578579e-23, 3.7728764292051943e-10, 1.0727158038925866e-15, -4.002936612885611e-26, 1.0727158038525572e-15, 2.232501480465921e-16, -1.0994748866517852e-29, 2.232501480465811e-16, 2.255804457965286e-22, 4.313217911585203e-33, 2.255804458008418e-22, 3.98137034906672e-23, -2.710689972996195e-35, 3.981370349064009e-23, 1.7645883883020446e-29, -1.6015187915044756e-38, 1.7645883867005258e-29
1620.6, 0.0001144169748590295, 1.4094628242311558e-17, 0.0001144169748590436, 0.00011441537315527371, 1.4040418133687282e-17, 0.00011441537315528775, 1.246521735690335e-9, 4.625656023942472e-20, 1.2465217357365916e-9, 3.5518083643667123e-10, 1.4217166778255163e-23, 3.5518083643668545e-10, 9.797670362839176e-16, 6.326230586374643e-26, 9.797670363471799e-16, 2.0391055323481165e-16, 5.581190904438659e-29, 2.0391055323486746e-16, 1.9989997853340624e-22, 7.898080715491304e-32, 1.9989997861238705e-22, 3.5281718299803724e-23, -2.3621558979773867e-35, 3.52817182997801e-23, 1.5171424887152074e-29, -8.851932334216653e-39, 1.5171424878300142e-29
1632.8, 0.00011103427606715898, 1.1438332919722072e-17, 0.00011103427606717042, 0.0001110327675859878, 1.1411227865409934e-17, 0.00011103276758599921, 1.1739596309477384e-9, 3.70293605063957e-20, 1.1739596309847678e-9, 3.3452045837413616e-10, 2.7555454155672734e-23, 3.345204583741637e-10, 8.95480005141135e-16, 7.590025199583965e-26, 8.954800052170353e-16, 1.863727249342705e-16, 3.880209577555852e-29, 1.863727249343093e-16, 1.7730354329335515e-22, 5.984213694132206e-32, 1.773035433531973e-22, 3.129393079444275e-23, -3.2326094647612906e-35, 3.1293930794410426e-23, 1.305873700464111e-29, -1.5546683391676254e-38, 1.3058736989094425e-29
1645, 0.00010777567470278285, 1.1722935989999517e-17, 0.00010777567470279457, 0.00010777425338482751, 1.1668725881375241e-17, 0.00010777425338483918, 1.1061148365858417e-9, 3.751905142902709e-20, 1.1061148366233607e-9, 3.152021292975955e-10, -4.4409259136440673e-23, 3.1520212929755107e-10, 8.189917032788884e-16, -4.1249043695940944e-26, 8.189917032376394e-16, 1.7045719350900124e-16, -1.9260532039036766e-28, 1.7045719350880864e-16, 1.574017665962072e-22, -1.8147998839548476e-31, 1.5740176641472722e-22, 2.7781641356172003e-23, 3.1179987655561176e-35, 2.7781641356203183e-23, 1.1252797762970787e-29, 1.1737392244957207e-38, 1.1252797774708179e-29
1657.1999999999998, 0.00010463574728260989, 2.371692252312041e-17, 0.0001046357472826336, 0.00010463440750294166, 2.3649159887340065e-17, 0.0001046344075029653, 1.0426490678419215e-9, 7.47576886303987e-20, 1.0426490679166791e-9, 2.971296948382275e-10, -9.977866138920896e-23, 2.971296948381277e-10, 7.495305925924108e-16, -9.939262836093454e-26, 7.495305924930182e-16, 1.5600350563134595e-16, 7.526226073874216e-29, 1.560035056314212e-16, 1.3985680048368604e-22, 7.527941054304382e-32, 1.3985680055896545e-22, 2.4685240307259397e-23, 3.259058087654792e-36, 2.4685240307262656e-23, 9.707272691625231e-30, 5.880825061336567e-39, 9.707272697506056e-30
1669.3999999999999, 0.00010160934485529259, -1.9935767446577213e-17, 0.00010160934485527266, 0.00010160808138940652, -1.9881557337952938e-17, 0.00010160808138938664, 9.832505330274196e-10, -6.190909217561253e-20, 9.832505329655105e-10, 2.8021452376956005e-10, -3.4431392997519777e-23, 2.802145237695256e-10, 6.864063361155328e-16, -1.0121696781187128e-25, 6.864063360143158e-16, 1.4286809029318278e-16, -2.070759876205156e-30, 1.4286809029318071e-16, 1.2437519644609261e-22, -3.0665168149675047e-32, 1.2437519641542744e-22, 2.1952950740740004e-23, 3.917334924115273e-36, 2.1952950740743922e-23, 8.383093843961201e-30, -1.8537987579322654e-39, 8.383093842107402e-30
1681.6, 0.0000986915772337206, 9.215718466126788e-19, 0.00009869157723372152, 0.00009869038522640396, 9.215718466126788e-19, 0.00009869038522640489, 9.276316861908621e-10, 2.7838763515472146e-21, 9.27631686193646e-10, 2.6437487050980337e-10, 5.7385654995866295e-24, 2.643748705098091e-10, 6.29000746220103e-16, 1.105361761156997e-26, 6.290007462311566e-16, 1.309223774612625e-16, -1.7606389328401457e-28, 1.3092237746108643e-16, 1.1070180522046816e-22, -1.5963081628799372e-31, 1.1070180506083735e-22, 1.953975264610041e-23, 2.2866303859370548e-35, 1.9539752646123276e-23, 7.24727868495161e-30, 7.304147733625177e-39, 7.247278692255757e-30
1693.8, 0.00009587779823889691, 8.063753657860939e-18, 0.00009587779823890498, 0.0000958766731757194, 8.036648603548802e-18, 0.00009587667317572744, 8.755271849847704e-10, 2.4264722883783652e-20, 8.755271850090351e-10, 2.4953529572823237e-10, 2.4298430493745188e-23, 2.4953529572825666e-10, 5.767597982104426e-16, 5.438712764194429e-26, 5.767597982648297e-16, 1.2005113793026598e-16, -1.091586277599575e-28, 1.2005113793015682e-16, 9.861455123044303e-23, -8.663179425588409e-32, 9.861455114381124e-23, 1.7406461130422925e-23, 5.369070447380798e-36, 1.7406461130428294e-23, 6.271947817449853e-30, 7.980625968576447e-40, 6.271947818247916e-30
1706, 0.00009316359188367874, 1.2793585635328952e-17, 0.00009316359188369153, 0.0000931625295648667, 1.2739375526704677e-17, 0.00009316252956487944, 8.266920333274933e-10, 3.808897887107613e-20, 8.266920333655822e-10, 2.3562613939195826e-10, -6.296912413059923e-23, 2.356261393918953e-10, 5.291865754617496e-16, -6.768120883195508e-26, 5.291865753940684e-16, 1.101510170281022e-16, 6.081624541188238e-29, 1.1015101702816302e-16, 8.791995158299255e-23, 5.300552057165718e-32, 8.791995163599807e-23, 1.551893577110969e-23, 5.886287961742605e-36, 1.5518935771115577e-23, 5.4335065863537724e-30, 5.5073250706031266e-39, 5.4335065918610975e-30
1718.1999999999998, 0.00009054475943043815, 2.82841241747156e-17, 0.00009054475943046644, 0.00009054375594691873, 2.821636153893525e-17, 0.00009054375594694694, 7.808998912829597e-10, 8.277089741692959e-20, 7.808998913657306e-10, 2.225830411788402e-10, -4.254810275819636e-23, 2.2258304117879766e-10, 4.858350340759211e-16, -6.462447143183681e-27, 4.858350340694586e-16, 1.0112923837061418e-16, -1.0945445059941539e-29, 1.0112923837060323e-16, 7.844926670713183e-23, 4.81548313780455e-33, 7.844926671194732e-23, 1.3847401690919623e-23, 1.6127782493281785e-35, 1.384740169093575e-23, 4.711962597972668e-30, 1.090940001484928e-38, 4.711962608882068e-30
1730.3999999999999, 0.00008801730726170365, 2.168404344971009e-17, 0.00008801730726172533, 0.00008801635897312456, 2.1602728286773676e-17, 0.00008801635897314616, 7.379415361957921e-10, 6.255801536616038e-20, 7.379415362583501e-10, 2.1034650370235888e-10, -1.918025045357333e-23, 2.103465037023397e-10, 4.46304485362556e-16, 1.3434794253979594e-26, 4.463044853759908e-16, 9.290245692857337e-17, 4.0786573990255126e-29, 9.290245692861416e-17, 7.005519205211376e-23, 4.799074412161422e-32, 7.005519210010451e-23, 1.236586592790386e-23, -1.6957975378550025e-35, 1.2365865927886902e-23, 4.0903556343162074e-30, -6.806115049016422e-39, 4.0903556275100924e-30
1742.6, 0.00008557743550722398, -1.463672932855431e-17, 0.00008557743550720934, 0.00008557653902177388, -1.4596071747086103e-17, 0.00008557653902175928, 6.976234599994321e-10, -4.158929703067083e-20, 6.976234599578428e-10, 1.9886149446230173e-10, -2.6004490507135808e-23, 1.9886149446227572e-10, 4.1023470987241097e-16, -6.419794420114513e-26, 4.1023470980821303e-16, 8.539574332115915e-17, 5.794429867881213e-29, 8.539574332121709e-17, 6.26090114380876e-23, 3.5075528914412204e-32, 6.260901147316312e-23, 1.1051615181981827e-23, -1.7780821424125626e-35, 1.1051615181964046e-23, 3.554280987437789e-30, -1.002492424624135e-38, 3.554280977412865e-30
1754.8, 0.00008322152737565262, -9.486769009248164e-18, 0.00008322152737564314, 0.0000832206795315234, -9.446111427779957e-18, 0.00008322067953151395, 6.597665905272054e-10, -2.6665201021412538e-20, 6.597665905005402e-10, 1.8807708284876025e-10, 5.293955920339377e-23, 1.880770828488132e-10, 3.773016273920733e-16, 5.83852226210241e-26, 3.7730162745045854e-16, 7.854168354417915e-17, 2.892900850865179e-29, 7.854168354420808e-17, 5.5998144010443e-23, 2.705346175677357e-32, 5.599814403749646e-23, 9.884783130531248e-24, 2.84175759311288e-36, 9.88478313053409e-24, 3.091490284380588e-30, 2.7833574510590705e-39, 3.0914902871639455e-30
1767, 0.00008094613914251588, -1.8295911660692887e-17, 0.00008094613914249758, 0.00008094533699086286, -1.8241701552068612e-17, 0.00008094533699084462, 6.242051246259724e-10, -5.079116435744042e-20, 6.242051245751812e-10, 1.779461088975073e-10, 3.9058434548988276e-23, 1.7794610889754635e-10, 3.4721345521359833e-16, 2.3555633148932294e-26, 3.4721345523715397e-16, 7.227958033783877e-17, -1.2868293516417755e-28, 7.227958033771009e-17, 5.012402960348059e-23, -1.1199445432579365e-31, 5.0124029491486136e-23, 8.847977284776963e-24, -5.204501238265678e-36, 8.847977284771759e-24, 2.6915568676619537e-30, -7.195636085092488e-39, 2.6915568604663176e-30
1779.1999999999998, 0.00007874799074998949, 2.59801945581839e-17, 0.00007874799075001547, 0.00007874723153925955, 2.5912431922403556e-17, 0.00007874723153928546, 5.907854628464967e-10, 7.092773899670162e-20, 5.907854629174245e-10, 1.6842488082654606e-10, -2.5565050806717012e-23, 1.684248808265205e-10, 3.1970729757270494e-16, 6.844847466989567e-27, 3.197072975795498e-16, 6.655474412323407e-17, -4.995708201344939e-29, 6.655474412318411e-17, 4.4900302368899094e-23, -3.038811588612974e-32, 4.490030233851098e-23, 7.92595686016038e-24, -1.1625639129632423e-35, 7.925956860148755e-24, 2.3455949162934433e-30, -6.518771442089681e-39, 2.3455949097746718e-30
1791.3999999999999, 0.00007662395697712363, 2.6291902682773483e-17, 0.00007662395697714992, 0.00007662323813863312, 2.621058751983707e-17, 0.00007662323813865933, 5.593652359667845e-10, 7.080128376055757e-20, 5.593652360375858e-10, 1.5947289867945934e-10, -3.42504472385238e-23, 1.5947289867942509e-10, 2.94546115741308e-16, -5.7401463768406924e-27, 2.9454611573556786e-16, 6.131786294359693e-17, 2.267975102510409e-30, 6.13178629435992e-17, 4.025121360524561e-23, 1.0585432423646273e-32, 4.025121361583104e-23, 7.105354401765971e-24, 5.3661317115037425e-36, 7.105354401771338e-24, 2.0460233693728163e-30, 3.903464359040148e-39, 2.0460233732762807e-30
1803.6, 0.00007457105914250035, 3.6591823321385775e-18, 0.000074571059142504, 0.00007457037827715526, 3.645629804982509e-18, 0.0000745703782771589, 5.298124153924249e-10, 9.735605617019428e-21, 5.298124154021605e-10, 1.5105260166385722e-10, -4.9217246446905147e-23, 1.51052601663808e-10, 2.715160329140913e-16, -6.039139451061429e-26, 2.715160328536999e-16, 5.652444214952782e-17, 3.558502239645408e-29, 5.65244421495634e-17, 3.611026633290471e-23, 2.3383392069353764e-32, 3.6110266356288103e-23, 6.37443497929636e-24, -5.43666137255308e-36, 6.374434979290923e-24, 1.7863672881531392e-30, -2.4973457783226698e-39, 1.7863672856557934e-30
1815.8, 0.00007258645730366015, 1.4094628242311558e-18, 0.00007258645730366156, 0.00007258581216972149, 1.4094628242311558e-18, 0.0000725858121697229, 5.020044990972545e-10, 3.652932982610739e-21, 5.020044991009074e-10, 1.4312913701281601e-10, -1.9464593789138432e-23, 1.4312913701279655e-10, 2.504239359258354e-16, -2.3764138946943523e-26, 2.5042393590207124e-16, 5.213430570838753e-17, -3.331704729394367e-29, 5.2134305708354215e-17, 3.2419033544133877e-23, -2.825559280958549e-32, 3.2419033515878284e-23, 5.722887673865975e-24, 8.05213630313267e-37, 5.72288767386678e-24, 1.5610905354812754e-30, -6.125583558257093e-40, 1.561090534868717e-30
1828, 0.00007066744292070397, 3.3203691532368573e-18, 0.00007066744292070729, 0.00007066683142250951, 3.3068166260807885e-18, 0.00007066683142251282, 4.758277668478562e-10, 8.559871773851869e-21, 4.758277668564161e-10, 1.356701484070827e-10, -4.290999427618831e-24, 1.3567014840707842e-10, 2.3109533896852463e-16, -9.451046682613485e-28, 2.310953389675795e-16, 4.811115200847565e-17, 2.81586365308969e-29, 4.811115200850381e-17, 2.91261341816464e-23, 2.2797637356867264e-32, 2.912613420444404e-23, 5.141644849140677e-24, -1.3151577733793605e-35, 5.141644849127526e-24, 1.3654546287790384e-30, -6.016294714563628e-39, 1.3654546227627437e-30
1840.1999999999998, 0.00006881143195328308, -3.268869550043796e-17, 0.00006881143195325039, 0.00006881085213084546, -3.259382781034548e-17, 0.00006881085213081287, 4.5117659763837235e-10, -8.339024890057867e-20, 4.511765975549821e-10, 1.286455821880136e-10, 3.96012718259762e-23, 1.286455821880532e-10, 2.1337247960719556e-16, 7.866323731637624e-27, 2.1337247961506189e-16, 4.442215789256185e-17, -7.275392957917222e-29, 4.44221578924891e-17, 2.618634431203365e-23, -6.395897970539477e-32, 2.618634424807467e-23, 4.6227253531543504e-24, 6.259507418128681e-37, 4.622725353154976e-24, 1.1953995745858863e-30, -2.1512318889644535e-39, 1.1953995724346544e-30
1852.3999999999999, 0.00006701595836311983, -1.9556296686207286e-17, 0.00006701595836310027, 0.00006701540838252712, -1.9488534050426942e-17, 0.00006701540838250763, 4.279528447964481e-10, -4.927359812613532e-20, 4.279528447471745e-10, 1.220275097594144e-10, 7.858215819253763e-24, 1.2202750975942226e-10, 1.9711261986440433e-16, -1.48283416949558e-26, 1.97112619849576e-16, 4.10376254122121e-17, -4.338734978715565e-30, 4.103762541220776e-17, 2.3559825014541353e-23, -9.641663274201583e-33, 2.355982500489969e-23, 4.159098352173235e-24, 2.2488676299168888e-36, 4.159098352175484e-24, 1.047443134032384e-30, 4.211033257027106e-40, 1.0474431344534873e-30
1864.6, 0.00006527866799533175, 2.1711148504022226e-17, 0.00006527866799535346, 0.00006527814613988442, 2.168404344971009e-17, 0.0000652781461399061, 4.060652624710183e-10, 5.4205145540599904e-20, 4.0606526252522344e-10, 1.1578996473273838e-10, -1.2653278432647095e-23, 1.1578996473272572e-10, 1.8218652984750992e-16, 1.0843829914587757e-26, 1.8218652985835375e-16, 3.793066645480391e-17, 2.3524078712723454e-29, 3.7930666454827436e-17, 2.121145234405052e-23, 2.3797160203371455e-32, 2.121145236784768e-23, 3.744564970218445e-24, -2.1460118742199386e-36, 3.744564970216299e-24, 9.185955542752777e-31, 1.6230889787658275e-41, 9.185955542915086e-31
1876.8, 0.00006359731281450152, 4.580754178751256e-18, 0.0000635973128145061, 0.00006359681747652468, 4.5672016515951874e-18, 0.00006359681747652925, 3.8542897978771137e-10, 1.113653938195455e-20, 3.854289797988479e-10, 1.0990879350498997e-10, 1.477292875231423e-23, 1.0990879350500474e-10, 1.6847713273715425e-16, 2.3562856156595724e-26, 1.684771327607171e-16, 3.507692096908703e-17, -9.324582418745241e-30, 3.50769209690777e-17, 1.9110233110130145e-23, -3.7896703601442186e-33, 1.9110233106340475e-23, 3.3736553106057134e-24, 2.5221700664830706e-36, 3.3736553106082356e-24, 8.062873454723565e-31, 1.3251301856472095e-39, 8.062873467974867e-31
1889, 0.00006196974547267892, -2.6047957193964244e-17, 0.00006196974547265288, 0.00006196927514595435, -2.596664203102783e-17, 0.00006196927514592838, 3.6596501815269055e-10, -6.307546853810058e-20, 3.659650180896151e-10, 1.0436151808423322e-10, -3.4896682092080855e-24, 1.0436151808422973e-10, 1.5587829331085673e-16, -3.355967132610571e-26, 1.5587829327729706e-16, 3.245430502500066e-17, 2.9274135154685985e-29, 3.245430502502993e-17, 1.7228796715799858e-23, 1.2993317990606524e-32, 1.7228796728793176e-23, 3.0415387780443053e-24, 8.244256161095187e-36, 3.0415387780525496e-24, 7.083080134452542e-31, 3.80913131111296e-39, 7.0830801725438555e-31
1901.1999999999998, 0.00006039391418805924, 7.846913223363838e-18, 0.00006039391418806709, 0.000060393467460827245, 7.8198081690517e-18, 0.000060393467460835065, 3.4759984756993586e-10, 1.870317403528337e-20, 3.4759984758863903e-10, 9.912721008883536e-11, 2.3522948669476725e-24, 9.912721008883771e-11, 1.442937341353646e-16, 1.1354050356942735e-26, 1.4429373414671866e-16, 3.004278538338273e-17, 4.638255603666668e-29, 3.004278538342911e-17, 1.5542952448200023e-23, 3.58411871598203e-32, 1.554295248404121e-23, 2.7439459127873843e-24, -4.657896365133314e-36, 2.7439459127827264e-24, 6.2275403925941e-31, -1.1297738530183764e-39, 6.227540381296361e-31
1913.3999999999999, 0.000058867857915054804, 1.071327271687239e-17, 0.00005886785791506552, 0.000058867433463539026, 1.0679391398982219e-17, 0.000058867433463549706, 3.302649793802997e-10, 2.536058209905156e-20, 3.302649794056603e-10, 9.418637494565001e-11, -1.112816417825245e-23, 9.418637494563889e-11, 1.3363606498243787e-16, -2.0774158900929583e-27, 1.3363606498036045e-16, 2.782417764016221e-17, -2.0910976964178852e-29, 2.78241776401413e-17, 1.4031302865531864e-23, -1.304477525581377e-32, 1.403130285248709e-23, 2.477100198219655e-24, 6.601135463836408e-37, 2.477100198220315e-24, 5.479846691509039e-31, 8.290957526485821e-41, 5.479846692338135e-31
1925.6, 0.000057389701787121636, 1.610040226140974e-17, 0.000057389701787137736, 0.00005738929836953518, 1.6059744679941534e-17, 0.00005738929836955124, 3.1389659144748287e-10, 3.755860100206478e-20, 3.1389659148504147e-10, 8.952084540437665e-11, -4.022165728539097e-23, 8.952084540433642e-11, 1.2382591313685865e-16, -3.107157937913535e-26, 1.2382591310578707e-16, 2.578196535109076e-17, 1.765384424223116e-29, 2.5781965351108412e-17, 1.2674906245319316e-23, 1.2683751553317474e-32, 1.2674906258003068e-23, 2.2376585168252675e-24, -6.810520395076628e-37, 2.2376585168245864e-24, 4.825842915970431e-31, 1.7622291581578798e-41, 4.825842916146654e-31
1937.8, 0.000055957652815525554, -8.009543549236664e-18, 0.000055957652815517545, 0.00005595726926651983, -7.989214758502561e-18, 0.00005595726926651184, 2.9843518347176455e-10, -1.8424207373699862e-20, 2.9843518345334034e-10, 8.511368356571816e-11, 1.2911772374069916e-23, 8.511368356573107e-11, 1.1479114361461434e-16, 7.179497054126293e-27, 1.1479114362179384e-16, 2.390113784247912e-17, -9.682035016423512e-30, 2.3901137842469438e-17, 1.145698188335799e-23, -7.448925499536458e-33, 1.1456981875909064e-23, 2.0226591124278805e-24, -2.3351929963054005e-36, 2.0226591124255453e-24, 4.253303902798559e-31, -1.2926106900913935e-39, 4.253303889872452e-31
1950, 0.00005456999582808326, 1.8627948576016573e-17, 0.00005456999582810189, 0.00005456963105360431, 1.8587290994548367e-17, 0.000054569631053622896, 2.8382525962498957e-10, 4.240003742854937e-20, 2.838252596673896e-10, 8.094909069501445e-11, -8.129634457747725e-24, 8.094909069500632e-11, 1.0646615952207593e-16, 8.018278063505822e-27, 1.064661595300942e-16, 2.2168044675929964e-17, 9.84227238779653e-30, 2.2168044675939806e-17, 1.0362652006991701e-23, 1.0172121263057464e-32, 1.0362652017163823e-23, 1.829476073447799e-24, 6.810520395076628e-37, 1.82947607344848e-24, 3.75166228197122e-31, 7.380938101239791e-40, 3.751662289352158e-31
1962.1999999999998, 0.00005322508963319899, 1.8736368793265124e-17, 0.000053225089633217724, 0.00005322474260571903, 1.8709263738952986e-17, 0.00005322474260573774, 2.7001503642974325e-10, 4.214759224535584e-20, 2.7001503647189084e-10, 7.701232415891437e-11, 1.1671001455240375e-23, 7.701232415892604e-11, 9.87912737823189e-17, 3.000621040068273e-26, 9.87912738123251e-17, 2.057026496795534e-17, -1.5940536963704274e-29, 2.05702649679394e-17, 9.378716101530109e-24, -5.857733734593193e-33, 9.378716095672375e-24, 1.6557794861348262e-24, -2.058584481877531e-36, 1.6557794861327676e-24, 3.311775274911423e-31, -7.941278821415516e-40, 3.311775266970144e-31
1974.3999999999999, 0.00005192136339530706, -2.7254132110854368e-17, 0.0000519213633952798, 0.000051921033149401836, -2.7193145738652058e-17, 0.00005192103314937464, 2.569561735323833e-10, -6.046075062182046e-20, 2.5695617347192256e-10, 7.32896208831103e-11, 2.7206487334751926e-23, 7.328962088313751e-11, 9.171214457304455e-17, 6.833963651687846e-27, 9.171214457987852e-17, 1.909648996819128e-17, -1.9813967267855882e-29, 1.9096489968171467e-17, 8.493452971293073e-24, -1.6380485860717744e-32, 8.493452954912587e-24, 1.4995005223130848e-24, -2.04811523531552e-36, 1.4995005223110367e-24, 2.92572547283286e-31, -1.4387292044640524e-39, 2.925725458445568e-31
1986.6, 0.00005065731320881442, 2.9436088982981445e-17, 0.000050657313208843857, 0.000050656998837059366, 2.93683263472011e-17, 0.000050656998837088734, 2.44603525364084e-10, 6.449930486624576e-20, 2.446035254285833e-10, 6.97681267833758e-11, -7.329595709044094e-23, 6.97681267833025e-11, 8.517926785513608e-17, -5.644374965161368e-26, 8.517926779869233e-17, 1.7736417480848113e-17, -7.395570986446986e-32, 1.773641748084804e-17, 7.696447291207421e-24, -3.036581088082289e-34, 7.696447290903763e-24, 1.3588008252136712e-24, 2.1140531215569577e-36, 1.3588008252157853e-24, 2.58665045205129e-31, 9.021995667470193e-40, 2.5866504610732857e-31
1998.8, 0.00004943149885864163, 9.351243737687476e-18, 0.000049431498858650984, 0.000049431199507802146, 9.337691210531407e-18, 0.000049431199507811484, 2.329149121875505e-10, 2.0257704900211932e-20, 2.329149122078082e-10, 6.643583167053987e-11, -1.0494854021766539e-23, 6.643583167052938e-11, 7.914752064623936e-17, -3.9584054147858846e-27, 7.914752064228095e-17, 1.6480656871975825e-17, -6.304724265946055e-30, 1.648065687196952e-17, 6.97843736082594e-24, -3.259625263679064e-33, 6.978437357566315e-24, 1.2320456423451852e-24, 1.1319643256433997e-36, 1.2320456423463172e-24, 2.288596958158501e-31, 4.595030637300265e-40, 2.2885969627535316e-31
2011, 0.000048242540756138804, 6.959222694641332e-18, 0.000048242540756145764, 0.00004824225562363182, 6.959222694641332e-18, 0.00004824225562363878, 2.2185090890422217e-10, 1.4949014825211454e-20, 2.2185090891917118e-10, 6.328150917510907e-11, -2.3393701698765314e-23, 6.328150917508567e-11, 7.357574993266162e-17, -1.9782301898082245e-26, 7.357574991287932e-17, 1.532064354541328e-17, -1.3105568085566263e-29, 1.5320643545400176e-17, 6.331181411565521e-24, -8.970488325976704e-33, 6.331181402595033e-24, 1.1177802277334282e-24, 1.4142666408330647e-36, 1.1177802277348424e-24, 2.0263959422993365e-31, 3.879680908435549e-40, 2.0263959461790175e-31
2023.1999999999998, 0.00004708911703979376, 2.816215143031098e-17, 0.00004708911703982192, 0.00004708884537039986, 2.81079413216867e-17, 0.00004708884537042797, 2.1137464994433534e-10, 5.954968872527573e-20, 2.1137465000388503e-10, 6.029466127725679e-11, -2.667657475483514e-23, 6.029466127723011e-11, 6.842640234864421e-17, -7.324684438541891e-27, 6.842640234131952e-17, 1.4248561893891115e-17, 5.9904124990220584e-30, 1.4248561893897105e-17, 5.747339998888884e-24, 6.286061835513756e-33, 5.747340005174946e-24, 1.0147090991942295e-24, -9.045796371562134e-37, 1.014709099193325e-24, 1.7955553950801013e-31, -1.346129124831464e-40, 1.7955553937339722e-31
2035.3999999999999, 0.000045969960830983956, -3.369158250998705e-17, 0.000045969960830950264, 0.00004596970191379096, -3.363059613778474e-17, 0.00004596970191375733, 2.0145164901339299e-10, -7.033284103991114e-20, 2.0145164894306015e-10, 5.746546706396203e-11, 1.78490066552458e-23, 5.746546706397988e-11, 6.366519013380882e-17, -5.469074048284122e-27, 6.366519012833974e-17, 1.3257275841551092e-17, 2.1568874633181532e-29, 1.3257275841572661e-17, 5.2203727400708275e-24, 9.845272854759419e-33, 5.2203727499161004e-24, 9.216777908255071e-25, 1.1933104370769378e-36, 9.216777908267004e-25, 1.5921683136680603e-31, 5.221421341639056e-40, 1.5921683188894817e-31
2047.6, 0.00004488385763565818, -9.032759349519859e-18, 0.00004488385763564915, 0.00004488361080121864, -9.032759349519859e-18, 0.00004488361080120961, 1.920496325774218e-10, -1.8650544668809684e-20, 1.9204963255877125e-10, 5.4784735368903105e-11, 1.3377061468630994e-24, 5.478473536890444e-11, 5.92607901834038e-17, -4.895966600641057e-27, 5.926079017850783e-17, 1.2340266189966943e-17, 3.990526844770353e-31, 1.2340266189967342e-17, 4.744447125752225e-24, -8.981878866236172e-34, 4.744447124854037e-24, 8.376567881345199e-25, 7.515817005570001e-37, 8.376567881352714e-25, 1.4128336949272083e-31, 2.3947295238011266e-40, 1.4128336973219378e-31
2059.8, 0.000043829642883353706, 1.0997875787149836e-17, 0.000043829642883364704, 0.000043829407501040124, 1.0991099523571801e-17, 0.000043829407501051115, 1.8313838591666007e-10, 2.2387901772689117e-20, 1.8313838593904797e-10, 5.2243860979506056e-11, 2.762653998956401e-23, 5.224386097953368e-11, 5.518457204416346e-17, 3.5713304738189824e-26, 5.518457207987677e-17, 1.1491574066770122e-17, 6.582058177937817e-30, 1.1491574066776704e-17, 4.314358423399593e-24, 7.169997587817623e-33, 4.314358430569591e-24, 7.617273737913341e-25, -8.643556898390133e-37, 7.617273737904697e-25, 1.2545885111103778e-31, -7.638955246323988e-41, 1.2545885103464822e-31
2072, 0.00004280619959551042, -2.47198095326695e-17, 0.0000428061995954857, 0.00004280597507105349, -2.467237568762326e-17, 0.000042805975071028817, 1.7468961069232876e-10, -4.9865600950781867e-20, 1.7468961064246316e-10, 4.983478412412895e-11, 2.727111082010763e-24, 4.983478412413168e-11, 5.141035254943359e-17, -1.328320970066072e-26, 5.141035253615038e-17, 1.0705749850633542e-17, 3.186566648785345e-29, 1.0705749850665408e-17, 3.925458896733118e-24, 1.6450590139748878e-32, 3.9254589131837084e-24, 6.930691473609101e-25, 1.2866153011734569e-37, 6.930691473610388e-25, 1.1148491960858192e-31, 2.3516299620961963e-40, 1.1148491984374492e-31
2084.2, 0.000041812456175540036, 2.1941541465675396e-17, 0.00004181245617556198, 0.000041812241948736144, 2.188733135705112e-17, 0.00004181224194875803, 1.6667679302859725e-10, 4.3697702863886074e-20, 1.6667679307229496e-10, 4.754995297590451e-11, -6.863014144775901e-24, 4.754995297589765e-11, 4.791417386005762e-17, 6.824435691066973e-27, 4.7914173866882056e-17, 9.977807014715916e-18, -9.064196690264087e-30, 9.977807014706852e-18, 3.573595494423566e-24, -3.3087300708167264e-33, 3.573595491114836e-24, 6.309490127502926e-25, 5.574414616790067e-38, 6.309490127503483e-25, 9.913612148074867e-32, 5.07365726496351e-41, 9.913612153148524e-32
2096.3999999999996, 0.00004084738431376998, 1.5707378973883745e-17, 0.00004084738431378569, 0.000040847179856345505, 1.5680273919571608e-17, 0.000040847179856361186, 1.5907508156332993e-10, 3.093185031974934e-20, 1.5907508159426178e-10, 4.538228893295551e-11, -1.5186519058590742e-23, 4.5382288932940325e-11, 4.467410296226964e-17, -5.60032694436609e-27, 4.467410295666931e-17, 9.303180389493601e-18, 2.1308488904700377e-30, 9.303180389495732e-18, 3.2550546569151815e-24, 2.0976979543751887e-33, 3.2550546590128794e-24, 5.747114535901309e-25, -5.101461811576412e-37, 5.747114535896207e-25, 8.821555977466385e-32, -1.2825963325113847e-40, 8.821555964640422e-32
2108.6, 0.00003990999700047429, -1.0503208545953324e-17, 0.00003990999700046379, 0.0000399098018140952, -1.0476103491641187e-17, 0.000039909801814084726, 1.5186117428454028e-10, -2.0431025087935934e-20, 1.5186117426410926e-10, 4.332515445472762e-11, -5.751490196657771e-25, 4.3325154454727046e-11, 4.167005006004461e-17, -6.670416762298393e-27, 4.167005005337419e-17, 8.677688399868654e-18, 1.3908295686386862e-29, 8.677688399882562e-18, 2.9665136732073253e-24, 7.030252247997977e-33, 2.9665136802375775e-24, 5.237699396016381e-25, 7.219188352979689e-37, 5.237699396023601e-25, 7.855113880599434e-32, 3.5712708810453806e-40, 7.855113916312143e-32
2120.8, 0.00003899934664100937, 8.924339132271308e-18, 0.000038999346641018295, 0.00003899916025542532, 8.904010341537205e-18, 0.000038999160255434225, 1.4501321382368796e-10, 1.7134555250547265e-20, 1.450132138408225e-10, 4.137232325313442e-11, -1.1638689712562522e-23, 4.137232325312278e-11, 3.8883604395974296e-17, -6.273619726972224e-27, 3.8883604389700676e-17, 8.097498877891825e-18, -1.65583752898637e-29, 8.097498877875267e-18, 2.7049976400959358e-24, -9.322391661678557e-33, 2.704997630773544e-24, 4.775993269368097e-25, 1.0250678081154979e-36, 4.775993269378347e-25, 6.999232278821899e-32, 2.442400712269474e-40, 6.999232303245906e-32
2133, 0.00003811452326714106, -1.8566962203814263e-18, 0.0000381145232671392, 0.00003811434523845424, -1.8431436932253575e-18, 0.0000381143452384524, 1.3851069030325777e-10, -3.518593681253299e-21, 1.3851069029973918e-10, 3.951795265360845e-11, 1.0591789249800097e-23, 3.951795265361904e-11, 3.629788531283051e-17, 9.141381799459305e-27, 3.6297885321971894e-17, 7.55909809460973e-18, 1.874315021877658e-29, 7.559098094628473e-18, 2.467841281214199e-24, 1.1078303245950642e-32, 2.4678412922925024e-24, 4.357291327226649e-25, -8.497538459498927e-37, 4.357291327218152e-25, 6.240733305525309e-32, -1.2432045189619038e-40, 6.240733293093264e-32
2145.2, 0.00003725465283911667, -1.9773137120704387e-17, 0.000037254652839096895, 0.00003725448274816664, -1.973247953923618e-17, 0.00003725448274814691, 1.3233435111347474e-10, -3.720412826019167e-20, 1.323343510762706e-10, 3.775655795721775e-11, 1.0649950386620231e-23, 3.77565579572284e-11, 3.3897407340859476e-17, -3.2131290745783337e-28, 3.3897407340538163e-17, 7.05926269212768e-18, 6.934888543749559e-30, 7.059262692134615e-18, 2.2526552904956754e-24, 2.7401291269865853e-33, 2.2526552932358045e-24, 3.9773757901372206e-25, 6.8073061527110986e-37, 3.977375790144028e-25, 5.568072213906386e-32, 2.5503704305163737e-40, 5.56807223941009e-32
2157.3999999999996, 0.00003641889563359827, 2.1291020162184093e-17, 0.00003641889563361956, 0.00003641873308445388, 2.1250362580715887e-17, 0.00003641873308447513, 1.2646611747020847e-10, 3.956265283112763e-20, 1.2646611750977112e-10, 3.608298864855758e-11, -2.042102137240287e-23, 3.608298864853716e-11, 3.166795799205561e-17, -8.304671549955981e-27, 3.166795798375094e-17, 6.595034229507681e-18, 3.2193844950377035e-30, 6.5950342295109e-18, 2.0572963654057955e-24, 2.553662294825569e-33, 2.0572963679594578e-24, 3.632463144712618e-25, -3.4419943960015106e-37, 3.632463144709176e-25, 4.971127463427e-32, -5.927418060113059e-41, 4.971127457499582e-32
2169.6, 0.00003560644471236074, 1.3938774180016766e-17, 0.00003560644471237468, 0.00003560628933091202, 1.3918445389282663e-17, 0.00003560628933092594, 1.2088900665019683e-10, 2.5666096088419192e-20, 1.2088900667586293e-10, 3.449240630710806e-11, 8.976202115907464e-24, 3.4492406307117034e-11, 2.9596486687456474e-17, 1.5156495505576097e-26, 2.959648670261297e-17, 6.163696086550411e-18, 2.902761612180442e-30, 6.163696086553314e-18, 1.8798407163964254e-24, 3.0852667580154864e-33, 1.879840719481692e-24, 3.3191573339413956e-25, -5.006871250533681e-37, 3.3191573339363887e-25, 4.441018422272936e-32, -8.257783427489569e-41, 4.4410184140151526e-32
2181.7999999999997, 0.00003481652446751117, 2.1745029821912398e-17, 0.000034816524467532914, 0.00003481637590015373, 2.1704372240444192e-17, 0.000034816375900175434, 1.1558705991564384e-10, 3.951835989426483e-20, 1.155870599551622e-10, 3.2980264091393954e-11, -8.388128399170546e-24, 3.2980264091385566e-11, 2.7671003942282183e-17, 2.6406687393965827e-27, 2.767100394492285e-17, 5.762752495236748e-18, 6.448013453808466e-31, 5.7627524952373924e-18, 1.718560517640702e-24, 1.55435691477628e-33, 1.7185605191950588e-24, 3.0344082168527547e-25, -3.2119464781257426e-37, 3.0344082168495428e-25, 3.9699475759377744e-32, -5.060716054692585e-41, 3.9699475708770584e-32
2194, 0.000034048389238973094, 1.8844789010513674e-17, 0.00003404838923899194, 0.00003404824715137853, 1.8810907692623502e-17, 0.00003404824715139734, 1.1054527561898442e-10, 3.3875346680125146e-20, 1.1054527565285977e-10, 3.1542287676146445e-11, -9.105449086618875e-24, 3.154228767613734e-11, 2.5880489898580898e-17, 3.9040602939871433e-28, 2.5880489898971304e-17, 5.3899094924954754e-18, 5.431122443172005e-31, 5.3899094924960185e-18, 1.5719030129391354e-24, 1.1935387401203866e-33, 1.5719030141326742e-24, 2.7754746793181094e-25, -5.144165317289878e-37, 2.775474679312965e-25, 3.55106347266047e-32, -1.3561188502119046e-40, 3.5510634590992817e-32
2206.2, 0.0000333013220001038, 1.0821692934120941e-17, 0.00003330132200011462, 0.000033301186076070214, 1.0801364143386838e-17, 0.000033301186076081015, 1.057495467965015e-10, 1.9254696708703102e-20, 1.057495468157562e-10, 3.017445753228491e-11, 4.8209120075356144e-24, 3.0174457532289734e-11, 2.421481116735306e-17, 9.126929621156623e-27, 2.421481117647999e-17, 5.0430576089032815e-18, 6.715332530089414e-30, 5.043057608909997e-18, 1.4384719276246374e-24, 4.487431868177828e-33, 1.4384719321120693e-24, 2.539891853354815e-25, -4.297901220193989e-37, 2.539891853350517e-25, 3.178341438349118e-32, -5.709260521417253e-41, 3.1783414326398573e-32
2218.4, 0.00003257463310797868, -2.5343225781848666e-18, 0.00003257463310797614, 0.000032574503048355484, -2.5343225781848666e-18, 0.00003257450304835295, 1.0118660336451509e-10, -4.466581437330282e-21, 1.0118660336004851e-10, 2.8872992448048855e-11, 7.906683433270542e-24, 2.8872992448056762e-11, 2.2664645088361878e-17, 5.918888083119383e-27, 2.2664645094280766e-17, 4.720256126766459e-18, -1.071587421057058e-30, 4.720256126765388e-18, 1.317010994158011e-24, -4.035677817884307e-34, 1.3170109937544432e-24, 2.3254419681724305e-25, 1.7935472399655684e-37, 2.325441968174224e-25, 2.846480152422036e-32, 6.230696817165621e-41, 2.846480158652733e-32
2230.6, 0.000031867659114640564, 1.6954211472242076e-17, 0.00003186765911465752, 0.0000318675346363225, 1.6927106417929938e-17, 0.00003186753463633943, 9.684395822315889e-11, 2.952877105510041e-20, 9.684395825268766e-11, 2.7634334198628483e-11, -8.966508593104109e-24, 2.7634334198619517e-11, 2.1221410949228764e-17, -8.01642917075921e-28, 2.122141094842712e-17, 4.4197187575732705e-18, -1.2583255884648444e-29, 4.419718757560687e-18, 1.2063892156717262e-24, -5.9358177835564864e-33, 1.2063892097359084e-24, 2.130128413638805e-25, 2.310121905854269e-37, 2.130128413641115e-25, 2.550811419948321e-32, 1.824767575950501e-41, 2.550811421773089e-32
2242.7999999999997, 0.00003117976163610143, 5.990217002982412e-18, 0.00003117976163610742, 0.00003117964247108702, 5.976664475826343e-18, 0.000031179642471093, 9.270985712009133e-11, 1.0278946957193127e-20, 9.270985713037028e-11, 2.6455133278332466e-11, -4.019580789124869e-24, 2.6455133278328446e-11, 1.987720735917765e-17, -1.0948526547852558e-27, 1.9877207358082798e-17, 4.1398006042200726e-18, -1.2965360385614872e-30, 4.139800604218776e-18, 1.1055877955518298e-24, -4.935276297728911e-34, 1.1055877950583022e-24, 1.95215264723225e-25, -1.3306963393292927e-37, 1.9521526472309194e-25, 2.2872217325589996e-32, -4.670765892857108e-41, 2.2872217278882337e-32
2255, 0.000030510326276029565, 1.7333682232612002e-17, 0.0000305103262760469, 0.000030510212170539402, 1.729980091472183e-17, 0.000030510212170556702, 8.877323204506564e-11, 2.952414401354894e-20, 8.877323207458978e-11, 2.5332235616350323e-11, -1.0181430117791368e-23, 2.533223561634014e-11, 1.8624755168569368e-17, -1.9693604350051458e-27, 1.8624755166600008e-17, 3.878986286533395e-18, 2.6593240672098953e-30, 3.8789862865360544e-18, 1.013688496569465e-24, 1.8914051242906083e-33, 1.0136884984608702e-24, 1.7898936195710226e-25, -2.6184595842047244e-37, 1.7898936195684042e-25, 2.052083777011927e-32, -4.728321490368187e-41, 2.0520837722836055e-32
2267.2, 0.000029858761601041907, 2.354751593366955e-17, 0.000029858761601065455, 0.000029858652314692985, 2.3506858352201343e-17, 0.000029858652314716492, 8.502365762657093e-11, 3.969202904880975e-20, 8.502365766626296e-11, 2.426267020367769e-11, -1.1906877176788699e-23, 2.4262670203665782e-11, 1.745734546723742e-17, -1.2199148416539854e-27, 1.7457345466017504e-17, 3.635879120798311e-18, 6.413346714809495e-30, 3.635879120804724e-18, 9.298632376608694e-25, 3.986545460097797e-33, 9.298632416474148e-25, 1.6418894323647536e-25, -9.360332945903254e-38, 1.6418894323638175e-25, 1.8421968503978258e-32, 4.2577580763880427e-41, 1.8421968546555839e-32
2279.4, 0.000029224498165124966, -2.4895992385698396e-17, 0.00002922449816510007, 0.000029224393470156867, -2.4851946672441172e-17, 0.000029224393470132015, 8.145131075418572e-11, -4.149334407961468e-20, 8.145131071269237e-11, 2.324363756401353e-11, 9.338093633899414e-24, 2.324363756402287e-11, 1.63687921755149e-17, -1.258572107497726e-27, 1.636879217425633e-17, 3.4091912547165966e-18, -4.063712182657068e-31, 3.4091912547161903e-18, 8.533648229034546e-25, -1.0490550560409729e-33, 8.533648218543995e-25, 1.5068209762403194e-25, 9.9297130220828e-38, 1.5068209762413124e-25, 1.65473478085457e-32, -5.203533000406852e-42, 1.6547347803342166e-32
2291.6, 0.00002860698758036472, 8.907398473326222e-18, 0.000028606987580373626, 0.00002860688726091435, 8.890457814381136e-18, 0.00002860688726092324, 7.804693281309186e-11, 1.4696194825802864e-20, 7.804693282778805e-11, 2.227249900723028e-11, -2.9759115006302285e-24, 2.2272499007227302e-11, 1.5353388860023863e-17, 6.805096272937414e-28, 1.5353388860704372e-17, 3.1977346689508247e-18, 1.1093356479670479e-30, 3.197734668951934e-18, 7.83518654070121e-25, 8.46633734967925e-34, 7.835186549167548e-25, 1.3834973257196728e-25, -1.5554637161759761e-37, 1.3834973257181174e-25, 1.4872003276815818e-32, -3.1974677828855204e-41, 1.487200324484114e-32
2303.7999999999997, 0.00002800570163158874, -9.859463506040056e-18, 0.00002800570163157888, 0.000028005605483010318, -9.845910978883987e-18, 0.000028005605483000472, 7.480179440569933e-11, -1.6074807638896125e-20, 7.480179438962452e-11, 2.1346766608256122e-11, 2.8014280901698242e-24, 2.1346766608258924e-11, 1.440586919384536e-17, -1.0732729949443857e-27, 1.4405869192772087e-17, 3.000412965181615e-18, -7.977201829651931e-31, 3.000412965180817e-18, 7.197153874598288e-25, -7.161983104067915e-34, 7.1971538674363045e-25, 1.270842694739756e-25, 4.938683394636372e-37, 1.2708426947446946e-25, 1.3373855754637283e-32, 1.4238222570864305e-40, 1.337385589701951e-32
2316, 0.000027420131432778142, 2.002385887309166e-18, 0.000027420131432780144, 0.000027420039261005314, 1.9989977555201488e-18, 0.000027420039261007312, 7.17076626300591e-11, 3.22693496714593e-21, 7.170766263328604e-11, 2.046409385910643e-11, -6.979336418416171e-25, 2.0464093859105733e-11, 1.3521371000391264e-17, 9.497145741762337e-29, 1.3521371000486236e-17, 2.8162138679943297e-18, 9.188226578682625e-30, 2.816213868003518e-18, 6.614042656168174e-25, 4.5102348973803456e-33, 6.6140427012705225e-25, 1.167884778872404e-25, 3.983364645852869e-38, 1.1678847788728023e-25, 1.2033370370532914e-32, 6.804768018024657e-41, 1.2033370438580594e-32
2328.2, 0.00002684978662281923, 2.033895512947026e-17, 0.00002684978662283957, 0.00002684969824376663, 2.0308461943369105e-17, 0.000026849698243786937, 6.875677031198597e-11, 3.2477605315366597e-20, 6.875677034446357e-11, 1.962226694557784e-11, -1.1147551223859162e-23, 1.9622266945566694e-11, 1.2695403331699493e-17, -2.4284081483657767e-27, 1.2695403329271085e-17, 2.644202375570884e-18, 5.244692424555321e-30, 2.6442023755761288e-18, 6.0808727187060605e-25, 2.9496065365714363e-33, 6.080872748202126e-25, 1.073744330568395e-25, -5.197889082542303e-38, 1.0737443305678752e-25, 1.0833252319921491e-32, 2.9522798263024333e-41, 1.083325234944429e-32
2340.4, 0.000026294194598853635, 4.9060148304969076e-18, 0.00002629419459885854, 0.000026294109837855095, 4.899238566918873e-18, 0.000026294109837859995, 6.594178752552152e-11, 7.754456351166643e-21, 6.594178753327597e-11, 1.8819196603703563e-11, -3.2570236619275465e-24, 1.8819196603700306e-11, 1.1923816355335829e-17, -1.0698833582422642e-27, 1.1923816354265946e-17, 2.483514499761588e-18, -6.661021305657694e-30, 2.483514499754927e-18, 5.593138040736505e-25, -3.0790250666836124e-33, 5.593138009946254e-25, 9.876258315926742e-26, 1.4236797791892588e-37, 9.876258315940979e-26, 9.758180414542836e-33, 1.176002514194144e-41, 9.758180426302861e-33
2352.6, 0.000025752899785031416, 2.7406598041360142e-17, 0.000025752899785058822, 0.000025752818476312543, 2.7365940459891935e-17, 0.00002575281847633991, 6.325579482067263e-11, 4.287869065988201e-20, 6.325579486355132e-11, 1.8052910515005698e-11, -1.1683926152311516e-23, 1.8052910514994014e-11, 1.1202773887091898e-17, -9.250719153518102e-28, 1.1202773886166827e-17, 2.3333515422777804e-18, 1.9763893089301814e-30, 2.3333515422797567e-18, 5.146759573207577e-25, 1.5326989823753563e-33, 5.146759588534567e-25, 9.088091421693753e-26, -2.9628426947971915e-37, 9.088091421664125e-26, 8.79457303042177e-33, -5.942035628410154e-41, 8.794572971001414e-33
2364.7999999999997, 0.00002522546293499734, -1.7618285302889447e-17, 0.00002522546293497972, 0.00002522538492118015, -1.759118024857731e-17, 0.000025225384921162557, 6.069225826724264e-11, -2.7274678036499266e-20, 6.069225823996796e-11, 1.732154620208847e-11, 4.507488103560444e-24, 1.732154620209298e-11, 1.0528728205279427e-17, -1.637852424793704e-27, 1.0528728203641574e-17, 2.1929748585893454e-18, 4.866824969466545e-30, 2.1929748585942122e-18, 4.738042941682148e-25, 1.8145197122231688e-33, 4.738042959827345e-25, 8.366420202916325e-26, 1.7996313415860353e-37, 8.366420202934321e-26, 7.93038311789177e-33, 6.396189481574616e-41, 7.930383181853664e-33
2377, 0.000024711460466384692, 1.2329411580233596e-17, 0.00002471146046639702, 0.00002471138559802216, 1.2319247184866544e-17, 0.00002471138559803448, 5.824500617315808e-11, 1.8912773847686065e-20, 5.824500619207085e-11, 1.662334438948173e-11, 3.583372262973858e-24, 1.6623344389485314e-11, 9.898397081242276e-18, 6.264752745508265e-27, 9.898397087507029e-18, 2.0617010657199044e-18, 1.6878850032609735e-30, 2.0617010657215923e-18, 4.363640365774244e-25, 1.2510526481347479e-33, 4.36364037828477e-25, 7.705334166656482e-26, 1.2409271418348562e-37, 7.705334166668891e-26, 7.154918048701948e-33, 6.297282305347299e-41, 7.154918111674771e-33
2389.2, 0.000024210483825635738, -2.2073678605447067e-17, 0.000024210483825613664, 0.000024210411960774427, -2.2043185419345912e-17, 0.000024210411960752383, 5.5908207268653835e-11, -3.350183585946624e-20, 5.5908207235152e-11, 1.5956642796899882e-11, 1.4343182574698788e-23, 1.5956642796914225e-11, 9.308742641441864e-18, 4.8749169567208824e-27, 9.308742646316781e-18, 1.9388976543442224e-18, 4.912276916154084e-30, 1.9388976543491347e-18, 4.0205166617931705e-25, 1.9596538212041215e-33, 4.0205166813897088e-25, 7.099474614667766e-26, 9.41543424359805e-38, 7.099474614677181e-26, 6.458681819719189e-33, 4.2280164744016205e-41, 6.458681861999354e-33
2401.4, 0.000023722138881667554, -2.2636108482423922e-17, 0.000023722138881644918, 0.000023722069885436313, -2.2612391559900802e-17, 0.0000237220698854137, 5.3676350330703735e-11, -3.398862518760516e-20, 5.367635029671511e-11, 1.5319870334917654e-11, 1.021374186046922e-23, 1.5319870334927867e-11, 8.756952072466531e-18, 1.682549406943043e-27, 8.75695207414908e-18, 1.823978969201649e-18, 2.486760744192799e-30, 1.823978969204136e-18, 3.705918595438056e-25, 7.472245195240361e-34, 3.705918602910301e-25, 6.543980684638851e-26, 1.1565532797397018e-37, 6.543980684650417e-26, 5.8332354672971744e-33, 3.3344485394487596e-41, 5.83323550064166e-33
2413.6, 0.00002324604534690759, 3.652406068560543e-18, 0.00002324604534691124, 0.000023245979091130855, 3.645629804982509e-18, 0.0000232459790911345, 5.1544225101003076e-11, 5.436967693431553e-21, 5.1544225106440044e-11, 1.4711541675056703e-11, -3.9420326066980225e-25, 1.471154167505631e-11, 8.240419944578453e-18, 6.599422362316413e-28, 8.240419945238395e-18, 1.7164025252946505e-18, 1.068120747157161e-30, 1.7164025252957187e-18, 3.4173474988650817e-25, 5.639736286852284e-34, 3.417347504504818e-25, 6.034440904835553e-26, -4.292161501684114e-38, 6.034440904831261e-26, 5.271075375345886e-33, -4.972702605569862e-42, 5.2710753703731834e-33
2425.7999999999997, 0.000022781836224379818, 2.6529071908004687e-17, 0.000022781836224406347, 0.00002278177258721379, 2.6495190590114515e-17, 0.000022781772587240285, 4.95069044827577e-11, 3.904399766235981e-20, 4.9506904521801694e-11, 1.4130252168286022e-11, -1.7724606445936068e-23, 1.4130252168268297e-11, 7.756731949080495e-18, -6.46426984328305e-27, 7.756731942616225e-18, 1.6156656303030214e-18, -1.5869662741750823e-30, 1.6156656303014344e-18, 3.1525346125056847e-25, -4.5125855187400055e-34, 3.152534607993099e-25, 5.5668496744206e-26, 2.7666591161296827e-37, 5.566849674448266e-26, 4.765525413005079e-33, 8.218452236520136e-41, 4.765525495189601e-33
2438, 0.000022329157279454498, -2.3798237686056822e-17, 0.0000223291572794307, 0.000022329096145044795, -2.3760968236377633e-17, 0.000022329096145021034, 4.755972778717098e-11, -3.467848735612585e-20, 4.755972775249249e-11, 1.357467308821698e-11, 1.2629044625638706e-23, 1.3574673088229609e-11, 7.303650058163455e-18, 3.459358447596264e-27, 7.303650061622813e-18, 1.5213022863722719e-18, 1.0958541383563372e-31, 1.5213022863723815e-18, 2.9094188960354854e-25, -2.3277295255326406e-34, 2.909418893707756e-25, 5.1375681475716695e-26, 1.5128750048327077e-37, 5.1375681475867983e-26, 4.310642161721057e-33, 3.529668984443308e-41, 4.310642197017747e-33
2450.2, 0.000021887666535157853, -2.1111449177366182e-17, 0.00002188766653513674, 0.000021887607793317234, -2.1080955991265027e-17, 0.000021887607793296153, 4.569828513109531e-11, -3.048548944404895e-20, 4.569828510060982e-11, 1.3043547176482105e-11, 5.985750331072202e-24, 1.304354717648809e-11, 6.879098829018454e-18, -6.607596009000392e-28, 6.879098828357695e-18, 1.4328803469794067e-18, 3.3665255427888883e-31, 1.4328803469797433e-18, 2.6861271485079817e-25, -2.01977250531376e-34, 2.686127146488209e-25, 4.7432890567321305e-26, 6.635114597414865e-39, 4.743289056732794e-26, 3.901131423627727e-33, -7.655321563944873e-42, 3.901131415972405e-33
2462.3999999999996, 0.000021457033789796287, 1.3206937713589051e-17, 0.000021457033789809493, 0.000021456977335701202, 1.3193385186432982e-17, 0.000021456977335714395, 4.3918402778331084e-11, 1.88649266191287e-20, 4.391840279719601e-11, 1.2535684469938682e-11, -5.816113682013476e-24, 1.2535684469932866e-11, 6.481152873496115e-18, -1.1512877947596461e-27, 6.481152872344827e-18, 1.34999890669511e-18, -1.3069360602611782e-30, 1.3499989066938032e-18, 2.480956049335455e-25, -3.9986593885605014e-34, 2.4809560453367956e-25, 4.3810050614643554e-26, -2.896261960082648e-38, 4.381005061461459e-26, 3.532274586087881e-33, -8.495831056800044e-42, 3.5322745775920496e-33
2474.6, 0.00002103694015584099, -3.469446951953614e-18, 0.00002103694015583752, 0.000021036885889745804, -3.469446951953614e-18, 0.000021036885889742335, 4.221612941754011e-11, -4.911371962336531e-21, 4.221612941262874e-11, 1.2049958390512148e-11, 2.6107888083704936e-24, 1.2049958390514759e-11, 6.108025349666201e-18, 1.0833679493408859e-27, 6.108025350749569e-18, 1.2722859037669387e-18, 2.912391261902378e-30, 1.2722859037698511e-18, 2.292356010628004e-25, 1.218946912760166e-33, 2.292356022817473e-25, 4.047980254455769e-26, -1.503806249587106e-39, 4.0479802544556186e-26, 3.199863652294026e-33, 1.033606368555834e-41, 3.19986366263009e-33
2486.7999999999997, 0.000020627077618994088, 2.901596064114331e-17, 0.000020627077619023104, 0.000020627025445961802, 2.897191492788609e-17, 0.000020627025445990774, 4.058772325163686e-11, 4.064171640255159e-20, 4.058772329227858e-11, 1.1585302079978707e-11, -1.3039403757647434e-23, 1.1585302079965667e-11, 5.758057379268589e-18, -2.914189310098458e-27, 5.7580573763543995e-18, 1.1993959172455619e-18, 2.311115933264683e-32, 1.199395917245585e-18, 2.118916660573178e-25, 3.142694708005444e-34, 2.1189166637158725e-25, 3.7417244963086063e-26, -6.915212860696738e-38, 3.741724496301691e-26, 2.900143795575597e-33, -1.0150356401305363e-41, 2.9001437854252407e-33
2499, 0.00002022714861657964, 2.5780294782631885e-17, 0.00002022714861660542, 0.000020227098446228096, 2.5743025332952696e-17, 0.00002022709844625384, 3.9029640016079065e-11, 3.575195453371801e-20, 3.902964005183102e-11, 1.1140704963177226e-11, -1.1921417460993733e-23, 1.1140704963165304e-11, 5.429708317965806e-18, -2.903565880525218e-27, 5.42970831506224e-18, 1.1310081419965525e-18, 2.181500848007422e-30, 1.131008141998734e-18, 1.9593537395067244e-25, 1.1544704047690905e-33, 1.9593537510514285e-25, 3.459970286383409e-26, -2.064347159261445e-37, 3.4599702863627654e-26, 2.6297627466840667e-33, -4.177724467795159e-41, 2.629762704906822e-33
2511.2, 0.000019836865634121313, 5.0212113113234924e-18, 0.000019836865634126334, 0.000019836817380384027, 5.011046915956441e-18, 0.00001983681738038904, 3.753852157442628e-11, 6.890899178706888e-21, 3.753852158131718e-11, 1.0715209524500429e-11, 1.7448341046040428e-24, 1.0715209524502174e-11, 5.121546794854269e-18, 2.2291414214837625e-27, 5.12154679708341e-18, 1.0668245264820116e-18, 2.099263639382087e-31, 1.0668245264822216e-18, 1.8124972772475247e-25, 2.089215063677327e-34, 1.8124972793367398e-25, 3.2006519083668496e-26, 1.0206367454258748e-37, 3.200651908377056e-26, 2.3857259570350394e-33, 3.2093945570708943e-41, 2.385725989128985e-33
2523.3999999999996, 0.000019455950819461193, 2.7789456933519086e-17, 0.000019455950819488982, 0.0000194559044003617, 2.774879935205088e-17, 0.000019455904400389447, 3.6111185371048935e-11, 3.7792822362388e-20, 3.611118540884176e-11, 1.030790828342571e-11, -1.160637796988467e-23, 1.0307908283414103e-11, 4.8322425124098055e-18, -2.4413357605244816e-27, 4.83224250996847e-18, 1.0065680595069494e-18, -2.337693766497227e-30, 1.0065680595046117e-18, 1.6772809252168106e-25, -6.993259716284088e-34, 1.6772809182235509e-25, 2.9618866172298625e-26, 9.570980615215647e-38, 2.9618866172394335e-26, 2.1653568656619196e-33, 2.4936310072534323e-41, 2.1653568905982297e-33
2535.6, 0.000019084135613397745, 3.3237572850258745e-18, 0.00001908413561340107, 0.00001908409095083685, 3.3237572850258745e-18, 0.000019084090950840174, 3.474461442832751e-11, 4.480850302896822e-21, 3.4744614432808363e-11, 9.917940955878141e-12, -1.9661695419473334e-24, 9.917940955876175e-12, 4.560558640957494e-18, -6.941413594401143e-28, 4.560558640263353e-18, 9.499811933887195e-19, 2.2290713176337868e-30, 9.499811933909486e-19, 1.5527323473844136e-25, 9.192135775512413e-34, 1.5527323565765494e-25, 2.7419576593613806e-26, 4.5194543546751425e-38, 2.7419576593659e-26, 1.9662619078462334e-33, 2.006020537448226e-41, 1.9662619279064387e-33
2547.7999999999997, 0.000018721160396148128, -2.086072742497891e-17, 0.000018721160396127267, 0.00001872111741570316, -2.083362237066677e-17, 0.000018721117415682326, 3.343594797998024e-11, -2.7837277175308965e-20, 3.3435947952142965e-11, 9.544491789284295e-12, 1.914470753662769e-24, 9.54449178928621e-12, 4.305344864677461e-18, -2.614785011315996e-27, 4.305344862062676e-18, 8.968243921007154e-19, 1.6391589756679764e-30, 8.968243921023545e-19, 1.4379645886844484e-25, 3.6954941149424044e-34, 1.4379645923799425e-25, 2.539298939464824e-26, 3.853073035678719e-38, 2.539298939468677e-26, 1.786299474137145e-33, 7.838875925532811e-42, 1.786299481976021e-33
2560, 0.000018366774148922016, -1.0676003267193201e-17, 0.00001836677414891134, 0.000018366732779657303, -1.0662450740037133e-17, 0.00001836673277964664, 3.21824727435693e-11, -1.410125809492117e-20, 3.218247272946804e-11, 9.186787059815963e-12, 6.565746112139657e-24, 9.186787059822528e-12, 4.065530958602831e-18, 2.4279597918747234e-27, 4.0655309610307905e-18, 8.468747939200819e-19, 6.68875469685687e-31, 8.468747939207508e-19, 1.3321681293605153e-25, 2.2058507355727837e-34, 1.332168131566366e-25, 2.3524811677713958e-26, 1.7752949351041676e-38, 2.352481167773171e-26, 1.6235522427767167e-33, 5.6011517817729017e-42, 1.6235522483778684e-33
